/*
MySQL Data Transfer
Source Host: localhost
Source Database: webcloud
Target Host: localhost
Target Database: webcloud
Date: 09-Jan-23 5:17:52 PM
*/


create database webcloud;

use webcloud;

SET FOREIGN_KEY_CHECKS=0;
-- ----------------------------
-- Table structure for attacker
-- ----------------------------
DROP TABLE IF EXISTS `attacker`;
CREATE TABLE `attacker` (
  `id` int(11) NOT NULL auto_increment,
  `user` text,
  `fname` text,
  `sk` text,
  `dt` text,
  `attacktype` text,
  PRIMARY KEY  (`id`)
) ENGINE=InnoDB DEFAULT CHARSET=utf8;

-- ----------------------------
-- Table structure for cloud
-- ----------------------------
DROP TABLE IF EXISTS `cloud`;
CREATE TABLE `cloud` (
  `name` text,
  `pass` text
) ENGINE=InnoDB DEFAULT CHARSET=utf8;

-- ----------------------------
-- Table structure for cloudserver
-- ----------------------------
DROP TABLE IF EXISTS `cloudserver`;
CREATE TABLE `cloudserver` (
  `id` int(11) NOT NULL auto_increment,
  `fname` text,
  `findex` text,
  `ct` text,
  `trapdoor` text,
  `sk` text,
  `rank` int(11) default NULL,
  `dt` text,
  `downer` text,
  PRIMARY KEY  (`id`)
) ENGINE=InnoDB DEFAULT CHARSET=utf8;

-- ----------------------------
-- Table structure for dataowner
-- ----------------------------
DROP TABLE IF EXISTS `dataowner`;
CREATE TABLE `dataowner` (
  `id` int(11) NOT NULL auto_increment,
  `fname` text,
  `findex` text,
  `ct` text,
  `trapdoor` text,
  `sk` text,
  `rank` int(11) default NULL,
  `dt` text,
  `downer` text,
  PRIMARY KEY  (`id`)
) ENGINE=InnoDB DEFAULT CHARSET=utf8;

-- ----------------------------
-- Table structure for downer
-- ----------------------------
DROP TABLE IF EXISTS `downer`;
CREATE TABLE `downer` (
  `id` int(11) NOT NULL auto_increment,
  `name` text,
  `pass` text,
  `email` text,
  `mobile` text,
  `addr` text,
  `dob` text,
  `gender` text,
  `pin` text,
  `location` text,
  `imagess` longblob,
  `status` text,
  PRIMARY KEY  (`id`)
) ENGINE=InnoDB DEFAULT CHARSET=utf8;

-- ----------------------------
-- Table structure for pkg
-- ----------------------------
DROP TABLE IF EXISTS `pkg`;
CREATE TABLE `pkg` (
  `name` text,
  `pass` text
) ENGINE=InnoDB DEFAULT CHARSET=latin1;

-- ----------------------------
-- Table structure for request
-- ----------------------------
DROP TABLE IF EXISTS `request`;
CREATE TABLE `request` (
  `id` int(11) NOT NULL auto_increment,
  `user` text,
  `SearchPer` text,
  PRIMARY KEY  (`id`)
) ENGINE=InnoDB DEFAULT CHARSET=utf8;

-- ----------------------------
-- Table structure for results
-- ----------------------------
DROP TABLE IF EXISTS `results`;
CREATE TABLE `results` (
  `fname` text,
  `tdelay` text,
  `tpt` text
) ENGINE=InnoDB DEFAULT CHARSET=latin1;

-- ----------------------------
-- Table structure for search
-- ----------------------------
DROP TABLE IF EXISTS `search`;
CREATE TABLE `search` (
  `id` int(11) NOT NULL auto_increment,
  `user` text,
  `keyword` text,
  `dt` text,
  PRIMARY KEY  (`id`)
) ENGINE=InnoDB DEFAULT CHARSET=utf8;

-- ----------------------------
-- Table structure for searchhistory
-- ----------------------------
DROP TABLE IF EXISTS `searchhistory`;
CREATE TABLE `searchhistory` (
  `id` int(11) NOT NULL auto_increment,
  `user` text,
  `keyword` text,
  `fname` text,
  `dt` text,
  PRIMARY KEY  (`id`)
) ENGINE=InnoDB DEFAULT CHARSET=utf8;

-- ----------------------------
-- Table structure for searchratio
-- ----------------------------
DROP TABLE IF EXISTS `searchratio`;
CREATE TABLE `searchratio` (
  `id` int(11) NOT NULL auto_increment,
  `user` text,
  `keyword` text,
  `total` text,
  `found` text,
  `dt` text,
  PRIMARY KEY  (`id`)
) ENGINE=InnoDB DEFAULT CHARSET=utf8;

-- ----------------------------
-- Table structure for transaction
-- ----------------------------
DROP TABLE IF EXISTS `transaction`;
CREATE TABLE `transaction` (
  `id` int(11) NOT NULL auto_increment,
  `user` text,
  `fname` text,
  `task` text,
  `dt` text,
  PRIMARY KEY  (`id`)
) ENGINE=InnoDB DEFAULT CHARSET=utf8;

-- ----------------------------
-- Table structure for user
-- ----------------------------
DROP TABLE IF EXISTS `user`;
CREATE TABLE `user` (
  `id` int(11) NOT NULL auto_increment,
  `name` text,
  `pass` text,
  `email` text,
  `mobile` text,
  `addr` text,
  `dob` text,
  `gender` text,
  `pin` text,
  `location` text,
  `imagess` longblob,
  `status` text,
  PRIMARY KEY  (`id`)
) ENGINE=InnoDB DEFAULT CHARSET=utf8;

-- ----------------------------
-- Table structure for userintrest
-- ----------------------------
DROP TABLE IF EXISTS `userintrest`;
CREATE TABLE `userintrest` (
  `id` int(11) NOT NULL auto_increment,
  `user` text,
  `fname` text,
  `count` int(11) default NULL,
  PRIMARY KEY  (`id`)
) ENGINE=InnoDB DEFAULT CHARSET=utf8;

-- ----------------------------
-- Records 
-- ----------------------------
INSERT INTO `attacker` VALUES ('4', 'Hacker', 'DOAuth.jsp', '[B@3de71c', '09/01/2023   17:16:51', 'Malicious Data Attack');
INSERT INTO `cloud` VALUES ('CSP', 'CSP');
INSERT INTO `cloudserver` VALUES ('18', 'UserAuth.jsp', 'VXNlciBBdXRoZW50aWNhdGlvbg==', 'PCFET0NUWVBFIGh0bWwgUFVCTElDICItLy9XM0MvL0RURCBYSFRNTCAxLjAgVHJhbnNpdGlvbmFsLy9FTiIgImh0dHA6Ly93d3cudzMub3JnL1RSL3hodG1sMS9EVEQveGh0bWwxLXRyYW5zaXRpb25hbC5kdGQiPg0KPCVAIHBhZ2UgbGFuZ3VhZ2U9ImphdmEiIGNvbnRlbnRUeXBlPSJ0ZXh0L2h0bWw7IGNoYXJzZXQ9SVNPLTg4NTktMSINCiAgICBwYWdlRW5jb2Rpbmc9IklTTy04ODU5LTEiJT4NCgk8JUBwYWdlIGltcG9ydCA9ImphdmEudXRpbC4qIiU+DQo8JUAgaW5jbHVkZSBmaWxlPSJjb25uZWN0LmpzcCIgJT4NCiAgICA8JUBwYWdlIGltcG9ydCA9ImphdmEudXRpbC4qLGphdmEuc2VjdXJpdHkuS2V5LGphdmEudXRpbC5SYW5kb20samF2YXguY3J5cHRvLkNpcGhlcixqYXZheC5jcnlwdG8uc3BlYy5TZWNyZXRLZXlTcGVjLG9yZy5ib3VuY3ljYXN0bGUudXRpbC5lbmNvZGVycy5CYXNlNjQiJT4NCiAgICA8JUAgcGFnZSBpbXBvcnQ9ImphdmEuc3FsLiosamF2YS51dGlsLlJhbmRvbSxqYXZhLmlvLlByaW50U3RyZWFtLGphdmEuaW8uRmlsZU91dHB1dFN0cmVhbSxqYXZhLmlvLkZpbGVJbnB1dFN0cmVhbSxqYXZhLnNlY3VyaXR5LkRpZ2VzdElucHV0U3RyZWFtLGphdmEubWF0aC5CaWdJbnRlZ2VyLGphdmEuc2VjdXJpdHkuTWVzc2FnZURpZ2VzdCxqYXZhLmlvLkJ1ZmZlcmVkSW5wdXRTdHJlYW0iICU+DQo8JUAgcGFnZSBpbXBvcnQgPSJqYXZhLnNlY3VyaXR5LktleSxqYXZhLnNlY3VyaXR5LktleVBhaXIsamF2YS5zZWN1cml0eS5LZXlQYWlyR2VuZXJhdG9yLGphdmF4LmNyeXB0by5DaXBoZXIiJT4NCiA8JUBwYWdlIGltcG9ydCA9ImphdmEudXRpbC4qLGphdmEudGV4dC5TaW1wbGVEYXRlRm9ybWF0LGphdmEudXRpbC5EYXRlLGphdmEuaW8uRmlsZUlucHV0U3RyZWFtLGphdmEuaW8uRmlsZU91dHB1dFN0cmVhbSxqYXZhLmlvLlByaW50U3RyZWFtIiU+DQoNCjxodG1sIHhtbG5zPSJodHRwOi8vd3d3LnczLm9yZy8xOTk5L3hodG1sIj4NCjxoZWFkPg0KPHRpdGxlPkNMT1VEIFNFUlZJQ0UgUFJPVklERVJTIDwvdGl0bGU+DQo8bWV0YSBodHRwLWVxdWl2PSJDb250ZW50LVR5cGUiIGNvbnRlbnQ9InRleHQvaHRtbDsgY2hhcnNldD11dGYtOCIgLz4NCjxsaW5rIGhyZWY9ImNzcy9zdHlsZS5jc3MiIHJlbD0ic3R5bGVzaGVldCIgdHlwZT0idGV4dC9jc3MiIC8+DQo8bGluayByZWw9InN0eWxlc2hlZXQiIHR5cGU9InRleHQvY3NzIiBocmVmPSJjc3MvY29pbi1zbGlkZXIuY3NzIiAvPg0KPHNjcmlwdCB0eXBlPSJ0ZXh0L2phdmFzY3JpcHQiIHNyYz0ianMvY3Vmb24teXVpLmpzIj48L3NjcmlwdD4NCjxzY3JpcHQgdHlwZT0idGV4dC9qYXZhc2NyaXB0IiBzcmM9ImpzL2N1Zm9uLXRpdGlsbGl1bS0yNTAuanMiPjwvc2NyaXB0Pg0KPHNjcmlwdCB0eXBlPSJ0ZXh0L2phdmFzY3JpcHQiIHNyYz0ianMvanF1ZXJ5LTEuNC4yLm1pbi5qcyI+PC9zY3JpcHQ+DQo8c2NyaXB0IHR5cGU9InRleHQvamF2YXNjcmlwdCIgc3JjPSJqcy9zY3JpcHQuanMiPjwvc2NyaXB0Pg0KPHNjcmlwdCB0eXBlPSJ0ZXh0L2phdmFzY3JpcHQiIHNyYz0ianMvY29pbi1zbGlkZXIubWluLmpzIj48L3NjcmlwdD4NCjxzdHlsZSB0eXBlPSJ0ZXh0L2NzcyI+DQo8IS0tDQouc3R5bGUyMSB7Zm9udC1zaXplOiAxNHB4fQ0KLnN0eWxlMjQge2NvbG9yOiAjRkZGRkZGfQ0KLnN0eWxlMjcgew0KCWZvbnQtc2l6ZTogMjRweDsNCglmb250LXdlaWdodDogYm9sZDsNCglmb250LXN0eWxlOiBpdGFsaWM7DQp9DQouc3R5bGUyOCB7Zm9udC1zaXplOiAxNHB4OyBjb2xvcjogI0ZGRkZGRjsgZm9udC13ZWlnaHQ6IGJvbGQ7IH0NCi5zdHlsZTI5IHtjb2xvcjogI0ZGMDAwMH0NCi0tPg0KPC9zdHlsZT4NCjwvaGVhZD4NCjxib2R5Pg0KPGRpdiBjbGFzcz0ibWFpbiI+DQogIDxkaXYgY2xhc3M9ImhlYWRlciI+DQogICAgPGRpdiBjbGFzcz0iaGVhZGVyX3Jlc2l6ZSI+DQogICAgICA8ZGl2IGNsYXNzPSJsb2dvIj4NCiAgICAgICAgPGgxPjxhIGhyZWY9ImluZGV4Lmh0bWwiIGNsYXNzPSJzdHlsZTI3Ij5XZWJDbG91ZCBXZWIgQmFzZWQgQ2xvdWQgU3RvcmFnZSBmb3IgIDxiciAvPg0KICAgICAgICBTZWN1cmUgRGF0YSBTaGFyaW5nIGFjcm9zcyBQbGF0Zm9ybXM8L2E+PC9oMT4NCiAgICAgIDwvZGl2Pg0KICAgICAgPGRpdiBjbGFzcz0ibWVudV9uYXYiPg0KICAgICAgICA8dWw+DQogICAgICAgICAgPGxpPjxhIGhyZWY9IkNfTWFpbi5qc3AiPkNMT1VEIFNFUlZJQ0UgUFJPVklERVJTPC9hPjwvbGk+DQogICAgICAgICAgPGxpPjxhIGhyZWY9IkNfTG9naW4uanNwIj48c3Bhbj5Mb2dvdXQgPC9zcGFuPjwvYT48L2xpPg0KICAgICAgICAgIDxsaT48L2xpPg0KICAgICAgICA8L3VsPg0KICAgICAgPC9kaXY+DQogICAgICA8ZGl2IGNsYXNzPSJjbHIiPjwvZGl2Pg0KICAgICAgPGRpdiBjbGFzcz0ic2xpZGVyIj4NCiAgICAgICAgPGRpdiBpZD0iY29pbi1zbGlkZXIiPiA8YSBocmVmPSIjIj48aW1nIHNyYz0iaW1hZ2VzL3NsaWRlMS5qcGciIHdpZHRoPSI5NjAiIGhlaWdodD0iMzYwIiBhbHQ9IiIgLz48L2E+IDxhIGhyZWY9IiMiPjxpbWcgc3JjPSJpbWFnZXMvc2xpZGUyLmpwZyIgd2lkdGg9Ijk2MCIgaGVpZ2h0PSIzNjAiIGFsdD0iIiAvPjwvYT4gPGEgaHJlZj0iIyI+PGltZyBzcmM9ImltYWdlcy9zbGlkZTMuanBnIiB3aWR0aD0iOTYwIiBoZWlnaHQ9IjM2MCIgYWx0PSIiIC8+PC9hPiA8L2Rpdj4NCiAgICAgICAgPGRpdiBjbGFzcz0iY2xyIj48L2Rpdj4NCiAgICAgIDwvZGl2Pg0KICAgICAgPGRpdiBjbGFzcz0iY2xyIj48L2Rpdj4NCiAgICA8L2Rpdj4NCiAgPC9kaXY+DQogIDxkaXYgY2xhc3M9ImNvbnRlbnQiPg0KICAgIDxkaXYgY2xhc3M9ImNvbnRlbnRfcmVzaXplIj4NCiAgICAgIDxkaXYgY2xhc3M9Im1haW5iYXIiPg0KICAgICAgICA8ZGl2IGNsYXNzPSJhcnRpY2xlIj4NCiAgICAgICAgICA8aDI+PHNwYW4+QXV0aG9yaXplICBVc2VycyA8L3NwYW4+PC9oMj4NCiAgICAgICAgICA8cD4mbmJzcDs8L3A+DQogICAgICAgICAgPHRhYmxlIHdpZHRoPSI1MDAiIGJvcmRlcj0iMS41IiBjZWxscGFkZGluZz0iMCIgY2VsbHNwYWNpbmc9IjAiICBhbGlnbj0iY2VudGVyIj4NCiAgICAgICAgICAgIDx0cj4NCiAgICAgICAgICAgICAgPHRkIHdpZHRoPSIxMDgiIGhlaWdodD0iMzAiIGJnY29sb3I9IiMwMDAwRkYiPjxkaXYgYWxpZ249ImNlbnRlciIgY2xhc3M9InN0eWxlMjEgc3R5bGUyNCI+PHN0cm9uZz5Vc2VyIElEIDwvc3Ryb25nPjwvZGl2PjwvdGQ+DQogICAgICAgICAgICAgIDx0ZCB3aWR0aD0iMTgzIiBiZ2NvbG9yPSIjMDAwMEZGIj48ZGl2IGFsaWduPSJjZW50ZXIiIGNsYXNzPSJzdHlsZTI4Ij5Vc2VycyBOYW1lIDwvZGl2PjwvdGQ+DQogICAgICAgICAgICAgIDx0ZCB3aWR0aD0iMTcxIiBiZ2NvbG9yPSIjMDAwMEZGIj48ZGl2IGFsaWduPSJjZW50ZXIiIGNsYXNzPSJzdHlsZTI4Ij4gU3RhdHVzIDwvZGl2PjwvdGQ+DQogICAgICAgICAgICAgIDwlCSAgDQoJCQkgIA0KCQkJICANCglTdHJpbmcgczE9IiIsczI9IiIsczM9IiIsczQ9IiIsczU9IiIsczY9IiIsczc9IiIsczgsczk9IiIsczEwLHMxMSxzMTIsczEzOw0KCWludCBpPTAsaj0wLGs9MDsNCiAgICAgIAl0cnkgDQoJew0KICAgICAgCQlTdHJpbmcgcXVlcnk9InNlbGVjdCAqIGZyb20gdXNlciAiOyANCiAgICAgICAgICAgU3RhdGVtZW50IHN0PWNvbm5lY3Rpb24uY3JlYXRlU3RhdGVtZW50KCk7DQogICAgICAgICAgIFJlc3VsdFNldCBycz1zdC5leGVjdXRlUXVlcnkocXVlcnkpOw0KCXdoaWxlICggcnMubmV4dCgpICkNCgkgICB7DQoJCWk9cnMuZ2V0SW50KDEpOw0KCQlzMj1ycy5nZXRTdHJpbmcoMik7DQoJCXM1PXJzLmdldFN0cmluZygxMik7DQoJCSU+DQogICAgICAgICAgICA8L3RyPg0KICAgICAgICAgICAgPHRyPg0KICAgICAgICAgICAgICA8dGQgaGVpZ2h0PSIyOCI+PGRpdiBhbGlnbj0iY2VudGVyIiBjbGFzcz0ic3R5bGUyOSI+PCU9aSU+PC9kaXY+PC90ZD4NCiAgICAgICAgICAgICAgPHRkPjxkaXYgYWxpZ249ImNlbnRlciIgY2xhc3M9InN0eWxlMjkiPjxhIGhyZWY9IkNfVXNlckRldGFpbHMuanNwP25hbWU9PCU9czIlPiI+PCU9czIlPjwvYT48L2Rpdj48L3RkPg0KICAgICAgICAgICAgICA8JQkNCgkJCWlmKHM1LmVxdWFsc0lnbm9yZUNhc2UoIldhaXRpbmciKSkNCgkJCXsNCgkJCQ0KCQklPg0KICAgICAgICAgICAgICA8dGQ+PGRpdiBjbGFzcz0ic3R5bGUyOSI+DQogICAgICAgICAgICAgICAgICA8ZGl2IGFsaWduPSJjZW50ZXIiPjxhIGhyZWY9IkNfU3RhdHVzVXNlci5qc3A/aWQ9PCU9aSU+Ij48JT1zNSU+PC9hPjwvZGl2Pg0KICAgICAgICAgICAgICA8L2Rpdj48L3RkPg0KICAgICAgICAgICAgICA8JQ0KCQkNCgkJCX1lbHNlDQoJCQl7DQoJCSU+DQogICAgICAgICAgICAgIDx0ZCB3aWR0aD0iMjgiPjxkaXYgY2xhc3M9InN0eWxlMjkiPg0KICAgICAgICAgICAgICAgICAgPGRpdiBhbGlnbj0iY2VudGVyIj48JT1zNSU+PC9kaXY+DQogICAgICAgICAgICAgIDwvZGl2PjwvdGQ+DQogICAgICAgICAgICA8L3RyPg0KICAgICAgICAgICAgPCUNCgkJCSAgfQ0KCSAgfQ0KICAgICAgICAgICBjb25uZWN0aW9uLmNsb3NlKCk7DQogICAgICAgICAgfQ0KICAgICAgICAgDQogICAgICAgICAgY2F0Y2goRXhjZXB0aW9uIGUpDQogICAgICAgICAgew0KICAgICAgICAgICAgb3V0LnByaW50bG4oZS5nZXRNZXNzYWdlKCkpOw0KICAgICAgICAgIH0NCiU+DQogICAgICAgICAgPC90YWJsZT4NCiAgICAgICAgICA8cCBhbGlnbj0icmlnaHQiIGNsYXNzPSJpbmZvcG9zdCI+PGEgaHJlZj0iQ19NYWluLmpzcCI+QmFjazwvYT48L3A+DQogICAgICAgICAgPGRpdiBjbGFzcz0iY2xyIj48L2Rpdj4NCiAgICAgICAgPC9kaXY+DQogICAgICA8L2Rpdj4NCiAgICAgIDxkaXYgY2xhc3M9InNpZGViYXIiPg0KICAgICAgICA8ZGl2IGNsYXNzPSJnYWRnZXQiPg0KICAgICAgICAgIDxoMiBjbGFzcz0ic3RhciI+TWVudTwvaDI+DQogICAgICAgICAgPGRpdiBjbGFzcz0iY2xyIj48L2Rpdj4NCiAgICAgICAgICA8dWwgY2xhc3M9InNiX21lbnUiPg0KICAgICAgICAgIDxsaT48YSBocmVmPSJDX01haW4uanNwIj5Ib21lPC9hPjwvbGk+DQogICAgICAgICAgPGxpPjxhIGhyZWY9IkNfTG9naW4uanNwIj5Mb2dvdXQ8L2E+PC9saT4NCiAgICAgICAgICA8L3VsPg0KICAgICAgICA8L2Rpdj4NCiAgICAgIDwvZGl2Pg0KICAgICAgPGRpdiBjbGFzcz0iY2xyIj48L2Rpdj4NCiAgICA8L2Rpdj4NCiAgPC9kaXY+DQogIDxkaXYgY2xhc3M9ImZvb3RlciI+DQogICAgPGRpdiBjbGFzcz0iZm9vdGVyX3Jlc2l6ZSI+DQogICAgICA8cCBjbGFzcz0ibGYiPiZuYnNwOzwvcD4NCiAgICAgIDxwIGNsYXNzPSJyZiI+Jm5ic3A7PC9wPg0KICAgICAgPGRpdiBzdHlsZT0iY2xlYXI6Ym90aDsiPjwvZGl2Pg0KICAgIDwvZGl2Pg0KICA8L2Rpdj4NCjwvZGl2Pg0KPGRpdiBhbGlnbj1jZW50ZXI+PC9kaXY+DQo8L2JvZHk+DQo8L2h0bWw+DQo=', '6e2cbf583ae42d58132ff0725d080df0f4dddbfc', '[B@1996bbd', '7', 'MDkvMDEvMjAyMyAgIDE2OjIyOjMz', 'Manjunath');
INSERT INTO `cloudserver` VALUES ('19', 'Connect.jsp', 'RGF0YWJhc2UgQ29ubmVjdGlvbg==', 'PCVAIHBhZ2UgaW1wb3J0PSJqYXZhLnNxbC4qIiU+DQo8JUAgcGFnZSBpbXBvcnQ9ImphdmEudXRpbC4qIiAlPg0KPCUNCglDb25uZWN0aW9uIGNvbm5lY3Rpb24gPSBudWxsOw0KIAl0cnkgew0KICAgICANCg0KCSAgCUNsYXNzLmZvck5hbWUoImNvbS5teXNxbC5qZGJjLkRyaXZlciIpOwkNCgkJY29ubmVjdGlvbiA9IERyaXZlck1hbmFnZXIuZ2V0Q29ubmVjdGlvbigiamRiYzpteXNxbDovL2xvY2FsaG9zdDozMzA2L3dlYmNsb3VkIiwicm9vdCIsInJvb3QiKTsNCiAgICAgIAlTdHJpbmcgc3FsPSIiOw0KDQoJfQ0KCWNhdGNoKEV4Y2VwdGlvbiBlKQ0KCXsNCgkJU3lzdGVtLm91dC5wcmludGxuKGUpOw0KCX0NCiU+', '130d149deadc4a240d34696503cbeb3d52426d88', '[B@bfc25c', '4', 'MDkvMDEvMjAyMyAgIDE2OjQzOjIz', 'Manjunath');
INSERT INTO `cloudserver` VALUES ('20', 'Search.jsp', 'U2VhcmNoaW5nIGRhdGE=', 'PCFET0NUWVBFIGh0bWwgUFVCTElDICItLy9XM0MvL0RURCBYSFRNTCAxLjAgVHJhbnNpdGlvbmFsLy9FTiIgImh0dHA6Ly93d3cudzMub3JnL1RSL3hodG1sMS9EVEQveGh0bWwxLXRyYW5zaXRpb25hbC5kdGQiPg0KPCVAIHBhZ2UgbGFuZ3VhZ2U9ImphdmEiIGNvbnRlbnRUeXBlPSJ0ZXh0L2h0bWw7IGNoYXJzZXQ9SVNPLTg4NTktMSINCiAgICBwYWdlRW5jb2Rpbmc9IklTTy04ODU5LTEiJT4NCgk8JUBwYWdlIGltcG9ydCA9ImphdmEudXRpbC4qIiU+DQo8JUAgaW5jbHVkZSBmaWxlPSJjb25uZWN0LmpzcCIgJT4NCiAgICA8JUBwYWdlIGltcG9ydCA9ImphdmEudXRpbC4qLGphdmEuc2VjdXJpdHkuS2V5LGphdmEudXRpbC5SYW5kb20samF2YXguY3J5cHRvLkNpcGhlcixqYXZheC5jcnlwdG8uc3BlYy5TZWNyZXRLZXlTcGVjLG9yZy5ib3VuY3ljYXN0bGUudXRpbC5lbmNvZGVycy5CYXNlNjQiJT4NCiAgICA8JUAgcGFnZSBpbXBvcnQ9ImphdmEuc3FsLiosamF2YS51dGlsLlJhbmRvbSxqYXZhLmlvLlByaW50U3RyZWFtLGphdmEuaW8uRmlsZU91dHB1dFN0cmVhbSxqYXZhLmlvLkZpbGVJbnB1dFN0cmVhbSxqYXZhLnNlY3VyaXR5LkRpZ2VzdElucHV0U3RyZWFtLGphdmEubWF0aC5CaWdJbnRlZ2VyLGphdmEuc2VjdXJpdHkuTWVzc2FnZURpZ2VzdCxqYXZhLmlvLkJ1ZmZlcmVkSW5wdXRTdHJlYW0iICU+DQo8JUAgcGFnZSBpbXBvcnQgPSJqYXZhLnNlY3VyaXR5LktleSxqYXZhLnNlY3VyaXR5LktleVBhaXIsamF2YS5zZWN1cml0eS5LZXlQYWlyR2VuZXJhdG9yLGphdmF4LmNyeXB0by5DaXBoZXIiJT4NCiA8JUBwYWdlIGltcG9ydCA9ImphdmEudXRpbC4qLGphdmEudGV4dC5TaW1wbGVEYXRlRm9ybWF0LGphdmEudXRpbC5EYXRlLGphdmEuaW8uRmlsZUlucHV0U3RyZWFtLGphdmEuaW8uRmlsZU91dHB1dFN0cmVhbSxqYXZhLmlvLlByaW50U3RyZWFtIiU+DQoNCjxodG1sIHhtbG5zPSJodHRwOi8vd3d3LnczLm9yZy8xOTk5L3hodG1sIj4NCjxoZWFkPg0KPHRpdGxlPkVORCBVU0VSUyA8L3RpdGxlPg0KPG1ldGEgaHR0cC1lcXVpdj0iQ29udGVudC1UeXBlIiBjb250ZW50PSJ0ZXh0L2h0bWw7IGNoYXJzZXQ9dXRmLTgiIC8+DQo8bGluayBocmVmPSJjc3Mvc3R5bGUuY3NzIiByZWw9InN0eWxlc2hlZXQiIHR5cGU9InRleHQvY3NzIiAvPg0KPGxpbmsgcmVsPSJzdHlsZXNoZWV0IiB0eXBlPSJ0ZXh0L2NzcyIgaHJlZj0iY3NzL2NvaW4tc2xpZGVyLmNzcyIgLz4NCjxzY3JpcHQgdHlwZT0idGV4dC9qYXZhc2NyaXB0IiBzcmM9ImpzL2N1Zm9uLXl1aS5qcyI+PC9zY3JpcHQ+DQo8c2NyaXB0IHR5cGU9InRleHQvamF2YXNjcmlwdCIgc3JjPSJqcy9jdWZvbi10aXRpbGxpdW0tMjUwLmpzIj48L3NjcmlwdD4NCjxzY3JpcHQgdHlwZT0idGV4dC9qYXZhc2NyaXB0IiBzcmM9ImpzL2pxdWVyeS0xLjQuMi5taW4uanMiPjwvc2NyaXB0Pg0KPHNjcmlwdCB0eXBlPSJ0ZXh0L2phdmFzY3JpcHQiIHNyYz0ianMvc2NyaXB0LmpzIj48L3NjcmlwdD4NCjxzY3JpcHQgdHlwZT0idGV4dC9qYXZhc2NyaXB0IiBzcmM9ImpzL2NvaW4tc2xpZGVyLm1pbi5qcyI+PC9zY3JpcHQ+DQo8c3R5bGUgdHlwZT0idGV4dC9jc3MiPg0KPCEtLQ0KLnN0eWxlMTkge2ZvbnQtd2VpZ2h0OiBib2xkOyBmb250LXNpemU6IDI0O30NCi5zdHlsZTIxIHsNCglmb250LXNpemU6IDI0cHg7DQoJZm9udC13ZWlnaHQ6IGJvbGQ7DQoJZm9udC1zdHlsZTogaXRhbGljOw0KfQ0KLnN0eWxlMjIge2ZvbnQtd2VpZ2h0OiBib2xkfQ0KLnN0eWxlMjQge2NvbG9yOiAjRkZGRkZGOyBmb250LXN0eWxlOiBpdGFsaWM7IH0NCi5zdHlsZTI1IHtjb2xvcjogI0ZGMDAwMH0NCi0tPg0KPC9zdHlsZT4NCjwvaGVhZD4NCjxib2R5Pg0KPGRpdiBjbGFzcz0ibWFpbiI+DQogIDxkaXYgY2xhc3M9ImhlYWRlciI+DQogICAgPGRpdiBjbGFzcz0iaGVhZGVyX3Jlc2l6ZSI+DQogICAgICA8ZGl2IGNsYXNzPSJsb2dvIj4NCiAgICAgICAgPGgxPjxhIGhyZWY9ImluZGV4Lmh0bWwiIGNsYXNzPSJzdHlsZTIxIj5XZWJDbG91ZCBXZWIgQmFzZWQgQ2xvdWQgU3RvcmFnZSBmb3IgIDxiciAvPg0KICAgICAgICBTZWN1cmUgRGF0YSBTaGFyaW5nIGFjcm9zcyBQbGF0Zm9ybXM8L2E+PC9oMT4NCiAgICAgIDwvZGl2Pg0KICAgICAgPGRpdiBjbGFzcz0ibWVudV9uYXYiPg0KICAgICAgICA8dWw+DQogICAgICAgICAgPGxpIGNsYXNzPSJhY3RpdmUiPjxhIGhyZWY9IkRVX01haW4uanNwIj5FTkQgVVNFUlM8L2E+PC9saT4NCiAgICAgICAgICA8bGk+PGEgaHJlZj0iRFVfTG9naW4uanNwIj4gTG9nb3V0IDwvYT48YSBocmVmPSJhYm91dC5odG1sIj48L2E+PC9saT4NCiAgICAgICAgPC91bD4NCiAgICAgIDwvZGl2Pg0KICAgICAgPGRpdiBjbGFzcz0iY2xyIj48L2Rpdj4NCiAgICAgIDxkaXYgY2xhc3M9InNsaWRlciI+DQogICAgICAgIDxkaXYgaWQ9ImNvaW4tc2xpZGVyIj4gPGEgaHJlZj0iIyI+PGltZyBzcmM9ImltYWdlcy9zbGlkZTEuanBnIiB3aWR0aD0iOTYwIiBoZWlnaHQ9IjM2MCIgYWx0PSIiIC8+PC9hPiA8YSBocmVmPSIjIj48aW1nIHNyYz0iaW1hZ2VzL3NsaWRlMi5qcGciIHdpZHRoPSI5NjAiIGhlaWdodD0iMzYwIiBhbHQ9IiIgLz48L2E+IDxhIGhyZWY9IiMiPjxpbWcgc3JjPSJpbWFnZXMvc2xpZGUzLmpwZyIgd2lkdGg9Ijk2MCIgaGVpZ2h0PSIzNjAiIGFsdD0iIiAvPjwvYT4gPC9kaXY+DQogICAgICAgIDxkaXYgY2xhc3M9ImNsciI+PC9kaXY+DQogICAgICA8L2Rpdj4NCiAgICAgIDxkaXYgY2xhc3M9ImNsciI+PC9kaXY+DQogICAgPC9kaXY+DQogIDwvZGl2Pg0KICA8ZGl2IGNsYXNzPSJjb250ZW50Ij4NCiAgICA8ZGl2IGNsYXNzPSJjb250ZW50X3Jlc2l6ZSI+DQogICAgICA8ZGl2IGNsYXNzPSJtYWluYmFyIj4NCiAgICAgICAgPGRpdiBjbGFzcz0iYXJ0aWNsZSI+DQogICAgICAgICAgPGgyPjxzcGFuPlNlYXJjaGVkIEZpbGVzPC9zcGFuPjwvaDI+DQogICAgICAgICAgPHAgY2xhc3M9ImluZm9wb3N0Ij4mbmJzcDs8L3A+DQogICAgICAgICAgPHRhYmxlIHdpZHRoPSI2MjEiIGJvcmRlcj0iMS41IiBjZWxscGFkZGluZz0iMCIgY2VsbHNwYWNpbmc9IjAiIGFsaWduPSJjZW50ZXIiPg0KICAgICAgICAgICAgPHRyPg0KICAgICAgICAgICAgICA8dGQgd2lkdGg9IjUxIiBoZWlnaHQ9IjI5IiBiZ2NvbG9yPSIjRkYwMDAwIj48ZGl2IGFsaWduPSJjZW50ZXIiIGNsYXNzPSJzdHlsZTI0Ij48c3BhbiBjbGFzcz0ic3R5bGUxOSI+RmlsZSBJRCA8L3NwYW4+PC9kaXY+PC90ZD4NCiAgICAgICAgICAgICAgPHRkIHdpZHRoPSIxMDQiIGJnY29sb3I9IiNGRjAwMDAiPjxkaXYgYWxpZ249ImNlbnRlciIgY2xhc3M9InN0eWxlMjQiPjxzcGFuIGNsYXNzPSJzdHlsZTE5Ij5GaWxlIE5hbWUgPC9zcGFuPjwvZGl2PjwvdGQ+DQogICAgICAgICAgICAgIDx0ZCB3aWR0aD0iMjYzIiBiZ2NvbG9yPSIjRkYwMDAwIj48ZGl2IGFsaWduPSJjZW50ZXIiIGNsYXNzPSJzdHlsZTI0Ij48c3BhbiBjbGFzcz0ic3R5bGUxOSI+SW5kZXggTmFtZSA8L3NwYW4+PC9kaXY+PC90ZD4NCiAgICAgICAgICAgICAgPHRkIHdpZHRoPSI2NyIgYmdjb2xvcj0iI0ZGMDAwMCI+PGRpdiBhbGlnbj0iY2VudGVyIiBjbGFzcz0ic3R5bGUyNCI+PHNwYW4gY2xhc3M9InN0eWxlMTkiPlJhbms8L3NwYW4+PC9kaXY+PC90ZD4NCiAgICAgICAgICAgICAgPHRkIHdpZHRoPSIxMjQiIGJnY29sb3I9IiNGRjAwMDAiPjxkaXYgYWxpZ249ImNlbnRlciIgY2xhc3M9InN0eWxlMjQiPjxzcGFuIGNsYXNzPSJzdHlsZTE5Ij5Eb3dubG9hZDwvc3Bhbj48L2Rpdj48L3RkPg0KICAgICAgICAgICAgICA8JQkgIA0KCQkJICANCgkJCSAgDQoJU3RyaW5nIHMxPSIiLHMyPSIiLHMzPSIiLHM0PSIiLHM1PSIiLHM2PSIiLHM3PSIiLHM4LHM5PSIiLHMxMCxzMTEsczEyLHMxMzsNCglpbnQgaT0wLGo9MCxrPTA7DQogICAgU3RyaW5nIHVzZXI9KFN0cmluZylhcHBsaWNhdGlvbi5nZXRBdHRyaWJ1dGUoInVuYW1lIik7DQp0cnkgDQogIHsNCiAgICAgICAgICAgIFN0cmluZyBjbG91ZCA9IHJlcXVlc3QuZ2V0UGFyYW1ldGVyKCJjbG91ZCIpOw0KICAgICAgICAgICAgU3RyaW5nIGtleXdvcmQgPSByZXF1ZXN0LmdldFBhcmFtZXRlcigidDE0Iik7DQogICAgICAJCVN0cmluZyBrZXlzID0gImVmNTBhMGVmMmMzZTNhNWYiOw0KICAgICAgCQlTdHJpbmcgaDE9IiI7DQogICAgICAJCVN0cmluZyBmaWxlbmFtZT0iZmlsZW5hbWUudHh0IjsNCiAgICAgIAkJDQoJCQlTaW1wbGVEYXRlRm9ybWF0IHNkZkRhdGUgPSBuZXcgU2ltcGxlRGF0ZUZvcm1hdCgiZGQvTU0veXl5eSIpOw0KCQkJU2ltcGxlRGF0ZUZvcm1hdCBzZGZUaW1lID0gbmV3IFNpbXBsZURhdGVGb3JtYXQoIkhIOm1tOnNzIik7DQoNCgkJCURhdGUgbm93ID0gbmV3IERhdGUoKTsNCgkJDQoJCQlTdHJpbmcgc3RyRGF0ZSA9IHNkZkRhdGUuZm9ybWF0KG5vdyk7DQoJCQlTdHJpbmcgc3RyVGltZSA9IHNkZlRpbWUuZm9ybWF0KG5vdyk7DQoJCQlTdHJpbmcgZHQgPSBzdHJEYXRlICsgIiAgICIgKyBzdHJUaW1lOw0KCQkJDQogICAgICAJCWJ5dGVbXSBrZXlWYWx1ZSA9IGtleXMuZ2V0Qnl0ZXMoKTsNCiAgICAgIAkJS2V5IGtleSA9IG5ldyBTZWNyZXRLZXlTcGVjKGtleVZhbHVlLCAiQUVTIik7DQogICAgICAJCUNpcGhlciBjID0gQ2lwaGVyLmdldEluc3RhbmNlKCJBRVMiKTsNCiAgICAgIAkJYy5pbml0KENpcGhlci5FTkNSWVBUX01PREUsIGtleSk7DQogICAgICAJCVN0cmluZyBzZWFyY2ggPSBuZXcgU3RyaW5nKEJhc2U2NC5lbmNvZGUoa2V5d29yZC5nZXRCeXRlcygpKSk7DQoJCQkNCgkJCVN0cmluZyB0YXNrMT0iU2VhcmNoIjsNCgkJCQ0KCQkJU3RyaW5nIHN0clF1ZXJ5MjEgPSJpbnNlcnQgaW50byB0cmFuc2FjdGlvbih1c2VyLGZuYW1lLHRhc2ssZHQpIHZhbHVlcygnIit1c2VyKyInLCciK2tleXdvcmQrIicsJyIrdGFzazErIicsJyIrZHQrIicpIjsNCgkJCWNvbm5lY3Rpb24uY3JlYXRlU3RhdGVtZW50KCkuZXhlY3V0ZVVwZGF0ZShzdHJRdWVyeTIxKTsNCgkJCQ0KCQkJDQoJCQlTdHJpbmcgc3RyUXVlcnkyMiA9Imluc2VydCBpbnRvIHNlYXJjaCh1c2VyLGtleXdvcmQsZHQpIHZhbHVlcygnIit1c2VyKyInLCciK2tleXdvcmQrIicsJyIrZHQrIicpIjsNCgkJCWNvbm5lY3Rpb24uY3JlYXRlU3RhdGVtZW50KCkuZXhlY3V0ZVVwZGF0ZShzdHJRdWVyeTIyKTsNCgkNCgkJCQlpbnQgZm91bmQ9MCx0b3RhbD0wOw0KCQkJCVN0cmluZyBxdWVyeTQ9InNlbGVjdCAqIGZyb20gY2xvdWRzZXJ2ZXIiOyANCgkJCQlTdGF0ZW1lbnQgc3Q0PWNvbm5lY3Rpb24uY3JlYXRlU3RhdGVtZW50KCk7DQoJCQkJUmVzdWx0U2V0IHJzPXN0NC5leGVjdXRlUXVlcnkocXVlcnk0KTsNCgkJCQl3aGlsZSAoIHJzLm5leHQoKSApDQoJCQkJew0KCQkJCQlpPXJzLmdldEludCgxKTsNCgkJCQkJczI9cnMuZ2V0U3RyaW5nKDIpOw0KCQkJCQlzMT1ycy5nZXRTdHJpbmcoMyk7DQoJCQkJCXMzPXJzLmdldFN0cmluZyg0KTsgLy8gRGVzYw0KCQkJCQlzND1ycy5nZXRTdHJpbmcoNyk7DQoJCQkJCXRvdGFsPXRvdGFsKzE7DQoJCQkJCQ0KCQkJCQkNCgkJCQkJYy5pbml0KENpcGhlci5ERUNSWVBUX01PREUsa2V5KTsNCgkJCQkJU3RyaW5nIGRlY3J5cHRlZFZhbHVlID0gbmV3IFN0cmluZyhCYXNlNjQuZGVjb2RlKHMzLmdldEJ5dGVzKCkpKTsNCgkJCQkJU3RyaW5nIGRlY3J5cHRlZEluZGV4ID0gbmV3IFN0cmluZyhCYXNlNjQuZGVjb2RlKHMxLmdldEJ5dGVzKCkpKTsNCgkJCQkJDQoJCQkJDQoJCQkJCQ0KCQkJCQkgDQoJCQkJCSANCgkJCQkJDQoJCQkJCSANCgkJCQkJDQoJCQkJCWlmKChkZWNyeXB0ZWRWYWx1ZS50b0xvd2VyQ2FzZSgpLmNvbnRhaW5zKGtleXdvcmQudG9Mb3dlckNhc2UoKSkpfHwoZGVjcnlwdGVkSW5kZXgudG9Mb3dlckNhc2UoKS5jb250YWlucyhrZXl3b3JkLnRvTG93ZXJDYXNlKCkpKXx8KHMyLnRvTG93ZXJDYXNlKCkuY29udGFpbnMoa2V5d29yZC50b0xvd2VyQ2FzZSgpKSkpDQoJCQkJCXsNCgkJCQkJCWZvdW5kPWZvdW5kKzE7DQoJCQkJCQlTdHJpbmcgc3RyUXVlcnkxID0gInNlbGVjdCAqIGZyb20gY2xvdWRzZXJ2ZXIgd2hlcmUgZm5hbWU9JyIrczIrIiciOw0KCQkJCQkJUmVzdWx0U2V0IHJzMTEgPSBjb25uZWN0aW9uLmNyZWF0ZVN0YXRlbWVudCgpLmV4ZWN1dGVRdWVyeShzdHJRdWVyeTEpOw0KCQkJCQkJCWlmKHJzMTEubmV4dCgpPT10cnVlKQ0KCQkJCQkJCXsNCgkJCQkJCQkJU3RyaW5nIHJhbms9cnMxMS5nZXRTdHJpbmcoNyk7DQoJCQkJCQkJCWludCB1cGRhdGVyYW5rID0gSW50ZWdlci5wYXJzZUludChyYW5rKSsxOw0KCQkJCQkJCQlTdHJpbmcgc3RyUXVlcnkyID0gInVwZGF0ZSBjbG91ZHNlcnZlciBzZXQgcmFuaz0nIit1cGRhdGVyYW5rKyInIHdoZXJlIGZuYW1lPSciK3MyKyInIjsNCgkJCQkJCQkJY29ubmVjdGlvbi5jcmVhdGVTdGF0ZW1lbnQoKS5leGVjdXRlVXBkYXRlKHN0clF1ZXJ5Mik7DQoJCQkJCQkJCSU+DQoJCQk8L3RyPg0KCQkJCQkJCQk8dHI+DQoJCQkJCQkJCSAgPHRkIGhlaWdodD0iMjgiPjxkaXYgYWxpZ249ImNlbnRlciIgY2xhc3M9InN0eWxlMjUiPjwlPWklPjwvZGl2PjwvdGQ+DQoJCQkJCQkJCSAgPHRkPjxkaXYgYWxpZ249ImNlbnRlciIgY2xhc3M9InN0eWxlMjUiPjwlPXMyJT48L2Rpdj48L3RkPg0KCQkJCQkJCQkgIDx0ZD48ZGl2IGFsaWduPSJjZW50ZXIiIGNsYXNzPSJzdHlsZTI1Ij48JT1zMSU+PC9kaXY+PC90ZD4NCgkJCQkJCQkJICA8dGQ+PGRpdiBhbGlnbj0iY2VudGVyIiBjbGFzcz0ic3R5bGUyNSI+PCU9czQlPjwvZGl2PjwvdGQ+DQoJCQkJCQkJCSAgPHRkPjxkaXYgYWxpZ249ImNlbnRlciIgY2xhc3M9InN0eWxlMjUiPjxhIGhyZWY9IkRVX0Rvd25sb2FkU2VhcmNoLmpzcD9mbmFtZT08JT1zMiU+Ij4gPCU9czIlPiA8L2E+PC9kaXY+PC90ZD4NCgkJCQkJCQkJPC90cj4NCgkJCQkJCQkJPCUNCgkJCQkJCQkJDQoJCQkJCVN0cmluZyBzdHJRdWVyID0gImluc2VydCBpbnRvIHNlYXJjaGhpc3RvcnkgKHVzZXIsa2V5d29yZCxmbmFtZSxkdCkgdmFsdWVzKCciK3VzZXIrIicsJyIra2V5d29yZCsiJywnIitzMisiJywnIitkdCsiJykiOw0KCQkJCQkJCQljb25uZWN0aW9uLmNyZWF0ZVN0YXRlbWVudCgpLmV4ZWN1dGVVcGRhdGUoc3RyUXVlcik7DQoJCQkJCQkJfQ0KCQkJCQkJCWVsc2UNCgkJCQkJCQl7IA0KCQkJCQkJCQklPg0KCQkJCQkJCQk8aDI+RmlsZSBOb3QgRm91bmQgISEhPC9oMj4NCgkJCQkJCQkJPCUNCgkJCQkJCQl9DQoJCQkJCQ0KCQkJCSANCgkJCSAgCQkgIH0NCgkJCSAgICB9DQoJCQkJCVN0cmluZyBzdHJRdWVyeTMgPSAiaW5zZXJ0IGludG8gc2VhcmNocmF0aW8gKHVzZXIsa2V5d29yZCx0b3RhbCxmb3VuZCxkdCkgdmFsdWVzKCciK3VzZXIrIicsJyIra2V5d29yZCsiJywnIit0b3RhbCsiJywnIitmb3VuZCsiJywnIitkdCsiJykiOw0KCQkJCQkJCQljb25uZWN0aW9uLmNyZWF0ZVN0YXRlbWVudCgpLmV4ZWN1dGVVcGRhdGUoc3RyUXVlcnkzKTsNCgkJCQklPg0KICAgICAgICAgICAgPGJyIC8+DQogICAgICAgICAgICA8JSAgDQoJCQljb25uZWN0aW9uLmNsb3NlKCk7DQoJfQ0KCWNhdGNoKEV4Y2VwdGlvbiBlKQ0KCXsNCglvdXQucHJpbnRsbihlLmdldE1lc3NhZ2UoKSk7DQoJfQ0KJT4NCiAgICAgICAgICA8L3RhYmxlPg0KICAgICAgICAgIDxwIGFsaWduPSJyaWdodCIgY2xhc3M9ImluZm9wb3N0Ij48YSBocmVmPSJEVV9TZWFyY2guanNwIj5CYWNrPC9hPjwvcD4NCiAgICAgICAgICA8ZGl2IGNsYXNzPSJjbHIiPjwvZGl2Pg0KICAgICAgICA8L2Rpdj4NCiAgICAgIDwvZGl2Pg0KICAgICAgPGRpdiBjbGFzcz0ic2lkZWJhciI+DQogICAgICAgPGRpdiBjbGFzcz0iZ2FkZ2V0Ij4NCiAgICAgICAgPGgyIGNsYXNzPSJzdGFyIj5NZW51PC9oMj4NCiAgICAgICAgPGRpdiBjbGFzcz0iY2xyIj48L2Rpdj4NCiAgICAgICAgPHVsIGNsYXNzPSJzYl9tZW51IHN0eWxlMjIiPg0KICAgICAgICAgIDxsaT48YSBocmVmPSJEVV9NYWluLmpzcCI+SG9tZTwvYT48L2xpPg0KICAgICAgICAgIDxsaT48YSBocmVmPSJEVV9Qcm9maWxlLmpzcCI+TXkgUHJvZmlsZTwvYT48L2xpPg0KICAgICAgICAgIDxsaT48YSBocmVmPSJEVV9WaWV3RmlsZXMuanNwIj5WaWV3IEZpbGVzIDwvYT48L2xpPg0KICAgICAgICAgIDxsaT48YSBocmVmPSJEVV9TZWFyY2guanNwIj5TZWFyY2ggRmlsZXM8L2E+PC9saT4NCiAgICAgICAgICA8bGk+PGEgaHJlZj0iRFVfUmF0aW8uanNwIj5TZWFyY2ggUmF0aW88L2E+PC9saT4NCiAgICAgICAgICA8bGk+PGEgaHJlZj0iRFVfVG9wa0RvYy5qc3AiPlRvcCBLIFNlYXJjaCA8L2E+PC9saT4NCiAgICAgICAgICA8bGk+PGEgaHJlZj0iRFVfU2VhcmNoUmVxLmpzcCI+UmVxIFNlYXJjaCBDb250cm9sPC9hPjwvbGk+DQogICAgICAgICAgPGxpPjxhIGhyZWY9IkRVX0xvZ2luLmpzcCI+TG9nb3V0PC9hPjwvbGk+DQogICAgICAgIDwvdWw+DQogICAgICAgPC9kaXY+DQogICAgICA8L2Rpdj4NCiAgICAgIDxkaXYgY2xhc3M9ImNsciI+PC9kaXY+DQogICAgPC9kaXY+DQogIDwvZGl2Pg0KICA8ZGl2IGNsYXNzPSJmb290ZXIiPg0KICAgIDxkaXYgY2xhc3M9ImZvb3Rlcl9yZXNpemUiPg0KICAgICAgPHAgY2xhc3M9ImxmIj4mbmJzcDs8L3A+DQogICAgICA8cCBjbGFzcz0icmYiPiZuYnNwOzwvcD4NCiAgICAgIDxkaXYgc3R5bGU9ImNsZWFyOmJvdGg7Ij48L2Rpdj4NCiAgICA8L2Rpdj4NCiAgPC9kaXY+DQo8L2Rpdj4NCjxkaXYgYWxpZ249Y2VudGVyPjwvZGl2Pg0KPC9ib2R5Pg0KPC9odG1sPg0K', '664d8900d28ae555506a183f3575ca7cc6c90af1', '[B@193b022', '3', 'MDkvMDEvMjAyMyAgIDE2OjUyOjE0', 'Manjunath');
INSERT INTO `cloudserver` VALUES ('21', 'DOAuth.jsp', 'T3duZXIgQXV0aG96YXRpb24=', 'PCFET0NUWVBFIGh0bWwgUFVCTElDICItLy9XM0MvL0RURCBYSFRNTCAxLjAgVHJhbnNpdGlvbmFsLy9FTiIgImh0dHA6Ly93d3cudzMub3JnL1RSL3hodG1sMS9EVEQveGh0bWwxLXRyYW5zaXRpb25hbC5kdGQiPg0KPGh0bWwgeG1sbnM9Imh0dHA6Ly93d3cudzMub3JnLzE5OTkveGh0bWwiPg0KPGhlYWQ+DQo8dGl0bGU+REFUQSBPV05FUjwvdGl0bGU+DQo8bWV0YSBodHRwLWVxdWl2PSJDb250ZW50LVR5cGUiIGNvbnRlbnQ9InRleHQvaHRtbDsgY2hhcnNldD11dGYtOCIgLz4NCjxsaW5rIGhyZWY9ImNzcy9zdHlsZS5jc3MiIHJlbD0ic3R5bGVzaGVldCIgdHlwZT0idGV4dC9jc3MiIC8+DQo8bGluayByZWw9InN0eWxlc2hlZXQiIHR5cGU9InRleHQvY3NzIiBocmVmPSJjc3MvY29pbi1zbGlkZXIuY3NzIiAvPg0KPHNjcmlwdCB0eXBlPSJ0ZXh0L2phdmFzY3JpcHQiIHNyYz0ianMvY3Vmb24teXVpLmpzIj48L3NjcmlwdD4NCjxzY3JpcHQgdHlwZT0idGV4dC9qYXZhc2NyaXB0IiBzcmM9ImpzL2N1Zm9uLXRpdGlsbGl1bS0yNTAuanMiPjwvc2NyaXB0Pg0KPHNjcmlwdCB0eXBlPSJ0ZXh0L2phdmFzY3JpcHQiIHNyYz0ianMvanF1ZXJ5LTEuNC4yLm1pbi5qcyI+PC9zY3JpcHQ+DQo8c2NyaXB0IHR5cGU9InRleHQvamF2YXNjcmlwdCIgc3JjPSJqcy9zY3JpcHQuanMiPjwvc2NyaXB0Pg0KPHNjcmlwdCB0eXBlPSJ0ZXh0L2phdmFzY3JpcHQiIHNyYz0ianMvY29pbi1zbGlkZXIubWluLmpzIj48L3NjcmlwdD4NCjxzdHlsZSB0eXBlPSJ0ZXh0L2NzcyI+DQo8IS0tDQouc3R5bGUyIHsNCglmb250LXNpemU6IDE2cHg7DQoJZm9udC13ZWlnaHQ6IGJvbGQ7DQp9DQouc3R5bGUzIHtjb2xvcjogIzBkNjg4N30NCi5zdHlsZTQgew0KCWZvbnQtc2l6ZTogMjRweDsNCglmb250LXdlaWdodDogYm9sZDsNCglmb250LXN0eWxlOiBpdGFsaWM7DQp9DQouc3R5bGU1IHtjb2xvcjogI0ZGMDAwMH0NCi5zdHlsZTYge2ZvbnQtc2l6ZTogMTZweDsgZm9udC13ZWlnaHQ6IGJvbGQ7IGNvbG9yOiAjRkYwMDAwOyB9DQotLT4NCjwvc3R5bGU+DQo8L2hlYWQ+DQo8Ym9keT4NCjxkaXYgY2xhc3M9Im1haW4iPg0KICA8ZGl2IGNsYXNzPSJoZWFkZXIiPg0KICAgIDxkaXYgY2xhc3M9ImhlYWRlcl9yZXNpemUiPg0KICAgICAgPGRpdiBjbGFzcz0ibG9nbyI+DQogICAgICAgIDxoMT48YSBocmVmPSJpbmRleC5odG1sIiBjbGFzcz0ic3R5bGU0Ij5XZWJDbG91ZCBXZWIgQmFzZWQgQ2xvdWQgU3RvcmFnZSBmb3IgIDxiciAvPg0KICAgICAgICBTZWN1cmUgRGF0YSBTaGFyaW5nIGFjcm9zcyBQbGF0Zm9ybXM8L2E+PC9oMT4NCiAgICAgIDwvZGl2Pg0KICAgICAgPGRpdiBjbGFzcz0ibWVudV9uYXYiPg0KICAgICAgICA8dWw+DQogICAgICAgICAgPGxpPjxhIGhyZWY9ImluZGV4Lmh0bWwiPjxzcGFuPkhvbWUgPC9zcGFuPjwvYT48L2xpPg0KICAgICAgICAgIDxsaSBjbGFzcz0iYWN0aXZlIj48YSBocmVmPSJET19Mb2dpbi5qc3AiPjxzcGFuPkRBVEEgT1dORVI8L3NwYW4+PC9hPjwvbGk+DQogICAgICAgICAgPGxpPjxhIGhyZWY9IkRVX0xvZ2luLmpzcCI+RU5EIERBVEEgT1dORVIgPC9hPjxhIGhyZWY9ImFib3V0Lmh0bWwiPjwvYT48L2xpPg0KICAgICAgICAgIDxsaT48YSBocmVmPSJDX0xvZ2luLmpzcCI+PHNwYW4+Q0xPVUQgU0VSVklDRSBQUk9WSURFUlM8L3NwYW4+PC9hPjwvbGk+DQogICAgICAgICAgPGxpPjxhIGhyZWY9IiI+PC9hPjwvbGk+DQogICAgICAgIDwvdWw+DQogICAgICA8L2Rpdj4NCiAgICAgIDxkaXYgY2xhc3M9ImNsciI+PC9kaXY+DQogICAgICA8ZGl2IGNsYXNzPSJzbGlkZXIiPg0KICAgICAgICA8ZGl2IGlkPSJjb2luLXNsaWRlciI+IDxhIGhyZWY9IiMiPjxpbWcgc3JjPSJpbWFnZXMvc2xpZGUxLmpwZyIgd2lkdGg9Ijk2MCIgaGVpZ2h0PSIzNjAiIGFsdD0iIiAvPjwvYT4gPGEgaHJlZj0iIyI+PGltZyBzcmM9ImltYWdlcy9zbGlkZTIuanBnIiB3aWR0aD0iOTYwIiBoZWlnaHQ9IjM2MCIgYWx0PSIiIC8+PC9hPiA8YSBocmVmPSIjIj48aW1nIHNyYz0iaW1hZ2VzL3NsaWRlMy5qcGciIHdpZHRoPSI5NjAiIGhlaWdodD0iMzYwIiBhbHQ9IiIgLz48L2E+IDwvZGl2Pg0KICAgICAgICA8ZGl2IGNsYXNzPSJjbHIiPjwvZGl2Pg0KICAgICAgPC9kaXY+DQogICAgICA8ZGl2IGNsYXNzPSJjbHIiPjwvZGl2Pg0KICAgIDwvZGl2Pg0KICA8L2Rpdj4NCiAgPGRpdiBjbGFzcz0iY29udGVudCI+DQogICAgPGRpdiBjbGFzcz0iY29udGVudF9yZXNpemUiPg0KICAgICAgPGRpdiBjbGFzcz0ibWFpbmJhciI+DQogICAgICAgIDxkaXYgY2xhc3M9ImFydGljbGUiPg0KICAgICAgICAgIDxoMj48c3Bhbj5Ob3QgQXV0aG9yaXplZCAhICA8L3NwYW4+PC9oMj4NCiAgICAgICAgICA8cD4mbmJzcDs8L3A+DQogICAgICAgICAgPHA+Jm5ic3A7PC9wPg0KICAgICAgICAgIDxwIGNsYXNzPSJzdHlsZTIiPldlbGNvbWUgPCU9YXBwbGljYXRpb24uZ2V0QXR0cmlidXRlKCJkb25hbWUiKSU+CQkgIDwvcD4NCiAgICAgICAgICA8cCBjbGFzcz0ic3R5bGUyIj5Zb3UgQXJlIDxzcGFuIGNsYXNzPSJzdHlsZTMiPk5vdCBBdXRob3JpemVkPC9zcGFuPiA8c3BhbiBjbGFzcz0ic3R5bGU1Ij5QbGVhc2UgV2FpdCBGb3IgQ0xPVUQgU0VSVklDRSBQUk9WSURFUlMgVG8gQXV0aG9yaXplICEgICAgICAgICAgPC9zcGFuPjwvcD4NCiAgICAgICAgICA8cCBjbGFzcz0ic3R5bGU2Ij4mbmJzcDs8L3A+DQogICAgICAgICAgPHAgY2xhc3M9ImluZm9wb3N0Ij4mbmJzcDs8L3A+DQogICAgICAgIDwvZGl2Pg0KICAgICAgPC9kaXY+DQogICAgICA8ZGl2IGNsYXNzPSJzaWRlYmFyIj4NCiAgICAgICAgPGRpdiBjbGFzcz0iZ2FkZ2V0Ij4NCiAgICAgICAgICA8aDIgY2xhc3M9InN0YXIiPk1lbnU8L2gyPg0KICAgICAgICAgIDxkaXYgY2xhc3M9ImNsciI+PC9kaXY+DQogICAgICAgICAgPHVsIGNsYXNzPSJzYl9tZW51Ij4NCiAgICAgICAgICAgIDxsaT48YSBocmVmPSJET19hdXRoby5qc3AiPkhvbWU8L2E+PC9saT4NCiAgICAgICAgICA8bGk+PGEgaHJlZj0iRE9fTG9naW4uanNwIj48c3Bhbj5Mb2dvdXQ8L3NwYW4+PC9hPjwvbGk+DQogICAgICAgICAgPC91bD4NCiAgICAgICAgPC9kaXY+DQogICAgICAgIDxkaXYgY2xhc3M9ImdhZGdldCI+DQogICAgICAgICAgPGgyIGNsYXNzPSJzdGFyIj48YnIgLz4NCiAgICAgICAgICA8L2gyPg0KICAgICAgICA8L2Rpdj4NCiAgICAgIDwvZGl2Pg0KICAgICAgPGRpdiBjbGFzcz0iY2xyIj48L2Rpdj4NCiAgICA8L2Rpdj4NCiAgPC9kaXY+DQogIDxkaXYgY2xhc3M9ImZiZyI+PC9kaXY+DQogIDxkaXYgY2xhc3M9ImZvb3RlciI+DQogICAgPGRpdiBjbGFzcz0iZm9vdGVyX3Jlc2l6ZSI+DQogICAgICA8cCBjbGFzcz0ibGYiPiZuYnNwOzwvcD4NCiAgICAgIDxwIGNsYXNzPSJyZiI+Jm5ic3A7PC9wPg0KICAgICAgPGRpdiBzdHlsZT0iY2xlYXI6Ym90aDsiPjwvZGl2Pg0KICAgIDwvZGl2Pg0KICA8L2Rpdj4NCjwvZGl2Pg0KPGRpdiBhbGlnbj1jZW50ZXI+PC9kaXY+DQo8L2JvZHk+DQo8L2h0bWw+DQo= // Attacker content is here', '51d7d72cce534918fa108d0d7192c1590930dfbf', '[B@3de71c', '3', 'MDkvMDEvMjAyMyAgIDE3OjEyOjU4', 'Kishore');
INSERT INTO `dataowner` VALUES ('17', 'UserAuth.jsp', 'VXNlciBBdXRoZW50aWNhdGlvbg==', 'PCFET0NUWVBFIGh0bWwgUFVCTElDICItLy9XM0MvL0RURCBYSFRNTCAxLjAgVHJhbnNpdGlvbmFsLy9FTiIgImh0dHA6Ly93d3cudzMub3JnL1RSL3hodG1sMS9EVEQveGh0bWwxLXRyYW5zaXRpb25hbC5kdGQiPg0KPCVAIHBhZ2UgbGFuZ3VhZ2U9ImphdmEiIGNvbnRlbnRUeXBlPSJ0ZXh0L2h0bWw7IGNoYXJzZXQ9SVNPLTg4NTktMSINCiAgICBwYWdlRW5jb2Rpbmc9IklTTy04ODU5LTEiJT4NCgk8JUBwYWdlIGltcG9ydCA9ImphdmEudXRpbC4qIiU+DQo8JUAgaW5jbHVkZSBmaWxlPSJjb25uZWN0LmpzcCIgJT4NCiAgICA8JUBwYWdlIGltcG9ydCA9ImphdmEudXRpbC4qLGphdmEuc2VjdXJpdHkuS2V5LGphdmEudXRpbC5SYW5kb20samF2YXguY3J5cHRvLkNpcGhlcixqYXZheC5jcnlwdG8uc3BlYy5TZWNyZXRLZXlTcGVjLG9yZy5ib3VuY3ljYXN0bGUudXRpbC5lbmNvZGVycy5CYXNlNjQiJT4NCiAgICA8JUAgcGFnZSBpbXBvcnQ9ImphdmEuc3FsLiosamF2YS51dGlsLlJhbmRvbSxqYXZhLmlvLlByaW50U3RyZWFtLGphdmEuaW8uRmlsZU91dHB1dFN0cmVhbSxqYXZhLmlvLkZpbGVJbnB1dFN0cmVhbSxqYXZhLnNlY3VyaXR5LkRpZ2VzdElucHV0U3RyZWFtLGphdmEubWF0aC5CaWdJbnRlZ2VyLGphdmEuc2VjdXJpdHkuTWVzc2FnZURpZ2VzdCxqYXZhLmlvLkJ1ZmZlcmVkSW5wdXRTdHJlYW0iICU+DQo8JUAgcGFnZSBpbXBvcnQgPSJqYXZhLnNlY3VyaXR5LktleSxqYXZhLnNlY3VyaXR5LktleVBhaXIsamF2YS5zZWN1cml0eS5LZXlQYWlyR2VuZXJhdG9yLGphdmF4LmNyeXB0by5DaXBoZXIiJT4NCiA8JUBwYWdlIGltcG9ydCA9ImphdmEudXRpbC4qLGphdmEudGV4dC5TaW1wbGVEYXRlRm9ybWF0LGphdmEudXRpbC5EYXRlLGphdmEuaW8uRmlsZUlucHV0U3RyZWFtLGphdmEuaW8uRmlsZU91dHB1dFN0cmVhbSxqYXZhLmlvLlByaW50U3RyZWFtIiU+DQoNCjxodG1sIHhtbG5zPSJodHRwOi8vd3d3LnczLm9yZy8xOTk5L3hodG1sIj4NCjxoZWFkPg0KPHRpdGxlPkNMT1VEIFNFUlZJQ0UgUFJPVklERVJTIDwvdGl0bGU+DQo8bWV0YSBodHRwLWVxdWl2PSJDb250ZW50LVR5cGUiIGNvbnRlbnQ9InRleHQvaHRtbDsgY2hhcnNldD11dGYtOCIgLz4NCjxsaW5rIGhyZWY9ImNzcy9zdHlsZS5jc3MiIHJlbD0ic3R5bGVzaGVldCIgdHlwZT0idGV4dC9jc3MiIC8+DQo8bGluayByZWw9InN0eWxlc2hlZXQiIHR5cGU9InRleHQvY3NzIiBocmVmPSJjc3MvY29pbi1zbGlkZXIuY3NzIiAvPg0KPHNjcmlwdCB0eXBlPSJ0ZXh0L2phdmFzY3JpcHQiIHNyYz0ianMvY3Vmb24teXVpLmpzIj48L3NjcmlwdD4NCjxzY3JpcHQgdHlwZT0idGV4dC9qYXZhc2NyaXB0IiBzcmM9ImpzL2N1Zm9uLXRpdGlsbGl1bS0yNTAuanMiPjwvc2NyaXB0Pg0KPHNjcmlwdCB0eXBlPSJ0ZXh0L2phdmFzY3JpcHQiIHNyYz0ianMvanF1ZXJ5LTEuNC4yLm1pbi5qcyI+PC9zY3JpcHQ+DQo8c2NyaXB0IHR5cGU9InRleHQvamF2YXNjcmlwdCIgc3JjPSJqcy9zY3JpcHQuanMiPjwvc2NyaXB0Pg0KPHNjcmlwdCB0eXBlPSJ0ZXh0L2phdmFzY3JpcHQiIHNyYz0ianMvY29pbi1zbGlkZXIubWluLmpzIj48L3NjcmlwdD4NCjxzdHlsZSB0eXBlPSJ0ZXh0L2NzcyI+DQo8IS0tDQouc3R5bGUyMSB7Zm9udC1zaXplOiAxNHB4fQ0KLnN0eWxlMjQge2NvbG9yOiAjRkZGRkZGfQ0KLnN0eWxlMjcgew0KCWZvbnQtc2l6ZTogMjRweDsNCglmb250LXdlaWdodDogYm9sZDsNCglmb250LXN0eWxlOiBpdGFsaWM7DQp9DQouc3R5bGUyOCB7Zm9udC1zaXplOiAxNHB4OyBjb2xvcjogI0ZGRkZGRjsgZm9udC13ZWlnaHQ6IGJvbGQ7IH0NCi5zdHlsZTI5IHtjb2xvcjogI0ZGMDAwMH0NCi0tPg0KPC9zdHlsZT4NCjwvaGVhZD4NCjxib2R5Pg0KPGRpdiBjbGFzcz0ibWFpbiI+DQogIDxkaXYgY2xhc3M9ImhlYWRlciI+DQogICAgPGRpdiBjbGFzcz0iaGVhZGVyX3Jlc2l6ZSI+DQogICAgICA8ZGl2IGNsYXNzPSJsb2dvIj4NCiAgICAgICAgPGgxPjxhIGhyZWY9ImluZGV4Lmh0bWwiIGNsYXNzPSJzdHlsZTI3Ij5XZWJDbG91ZCBXZWIgQmFzZWQgQ2xvdWQgU3RvcmFnZSBmb3IgIDxiciAvPg0KICAgICAgICBTZWN1cmUgRGF0YSBTaGFyaW5nIGFjcm9zcyBQbGF0Zm9ybXM8L2E+PC9oMT4NCiAgICAgIDwvZGl2Pg0KICAgICAgPGRpdiBjbGFzcz0ibWVudV9uYXYiPg0KICAgICAgICA8dWw+DQogICAgICAgICAgPGxpPjxhIGhyZWY9IkNfTWFpbi5qc3AiPkNMT1VEIFNFUlZJQ0UgUFJPVklERVJTPC9hPjwvbGk+DQogICAgICAgICAgPGxpPjxhIGhyZWY9IkNfTG9naW4uanNwIj48c3Bhbj5Mb2dvdXQgPC9zcGFuPjwvYT48L2xpPg0KICAgICAgICAgIDxsaT48L2xpPg0KICAgICAgICA8L3VsPg0KICAgICAgPC9kaXY+DQogICAgICA8ZGl2IGNsYXNzPSJjbHIiPjwvZGl2Pg0KICAgICAgPGRpdiBjbGFzcz0ic2xpZGVyIj4NCiAgICAgICAgPGRpdiBpZD0iY29pbi1zbGlkZXIiPiA8YSBocmVmPSIjIj48aW1nIHNyYz0iaW1hZ2VzL3NsaWRlMS5qcGciIHdpZHRoPSI5NjAiIGhlaWdodD0iMzYwIiBhbHQ9IiIgLz48L2E+IDxhIGhyZWY9IiMiPjxpbWcgc3JjPSJpbWFnZXMvc2xpZGUyLmpwZyIgd2lkdGg9Ijk2MCIgaGVpZ2h0PSIzNjAiIGFsdD0iIiAvPjwvYT4gPGEgaHJlZj0iIyI+PGltZyBzcmM9ImltYWdlcy9zbGlkZTMuanBnIiB3aWR0aD0iOTYwIiBoZWlnaHQ9IjM2MCIgYWx0PSIiIC8+PC9hPiA8L2Rpdj4NCiAgICAgICAgPGRpdiBjbGFzcz0iY2xyIj48L2Rpdj4NCiAgICAgIDwvZGl2Pg0KICAgICAgPGRpdiBjbGFzcz0iY2xyIj48L2Rpdj4NCiAgICA8L2Rpdj4NCiAgPC9kaXY+DQogIDxkaXYgY2xhc3M9ImNvbnRlbnQiPg0KICAgIDxkaXYgY2xhc3M9ImNvbnRlbnRfcmVzaXplIj4NCiAgICAgIDxkaXYgY2xhc3M9Im1haW5iYXIiPg0KICAgICAgICA8ZGl2IGNsYXNzPSJhcnRpY2xlIj4NCiAgICAgICAgICA8aDI+PHNwYW4+QXV0aG9yaXplICBVc2VycyA8L3NwYW4+PC9oMj4NCiAgICAgICAgICA8cD4mbmJzcDs8L3A+DQogICAgICAgICAgPHRhYmxlIHdpZHRoPSI1MDAiIGJvcmRlcj0iMS41IiBjZWxscGFkZGluZz0iMCIgY2VsbHNwYWNpbmc9IjAiICBhbGlnbj0iY2VudGVyIj4NCiAgICAgICAgICAgIDx0cj4NCiAgICAgICAgICAgICAgPHRkIHdpZHRoPSIxMDgiIGhlaWdodD0iMzAiIGJnY29sb3I9IiMwMDAwRkYiPjxkaXYgYWxpZ249ImNlbnRlciIgY2xhc3M9InN0eWxlMjEgc3R5bGUyNCI+PHN0cm9uZz5Vc2VyIElEIDwvc3Ryb25nPjwvZGl2PjwvdGQ+DQogICAgICAgICAgICAgIDx0ZCB3aWR0aD0iMTgzIiBiZ2NvbG9yPSIjMDAwMEZGIj48ZGl2IGFsaWduPSJjZW50ZXIiIGNsYXNzPSJzdHlsZTI4Ij5Vc2VycyBOYW1lIDwvZGl2PjwvdGQ+DQogICAgICAgICAgICAgIDx0ZCB3aWR0aD0iMTcxIiBiZ2NvbG9yPSIjMDAwMEZGIj48ZGl2IGFsaWduPSJjZW50ZXIiIGNsYXNzPSJzdHlsZTI4Ij4gU3RhdHVzIDwvZGl2PjwvdGQ+DQogICAgICAgICAgICAgIDwlCSAgDQoJCQkgIA0KCQkJICANCglTdHJpbmcgczE9IiIsczI9IiIsczM9IiIsczQ9IiIsczU9IiIsczY9IiIsczc9IiIsczgsczk9IiIsczEwLHMxMSxzMTIsczEzOw0KCWludCBpPTAsaj0wLGs9MDsNCiAgICAgIAl0cnkgDQoJew0KICAgICAgCQlTdHJpbmcgcXVlcnk9InNlbGVjdCAqIGZyb20gdXNlciAiOyANCiAgICAgICAgICAgU3RhdGVtZW50IHN0PWNvbm5lY3Rpb24uY3JlYXRlU3RhdGVtZW50KCk7DQogICAgICAgICAgIFJlc3VsdFNldCBycz1zdC5leGVjdXRlUXVlcnkocXVlcnkpOw0KCXdoaWxlICggcnMubmV4dCgpICkNCgkgICB7DQoJCWk9cnMuZ2V0SW50KDEpOw0KCQlzMj1ycy5nZXRTdHJpbmcoMik7DQoJCXM1PXJzLmdldFN0cmluZygxMik7DQoJCSU+DQogICAgICAgICAgICA8L3RyPg0KICAgICAgICAgICAgPHRyPg0KICAgICAgICAgICAgICA8dGQgaGVpZ2h0PSIyOCI+PGRpdiBhbGlnbj0iY2VudGVyIiBjbGFzcz0ic3R5bGUyOSI+PCU9aSU+PC9kaXY+PC90ZD4NCiAgICAgICAgICAgICAgPHRkPjxkaXYgYWxpZ249ImNlbnRlciIgY2xhc3M9InN0eWxlMjkiPjxhIGhyZWY9IkNfVXNlckRldGFpbHMuanNwP25hbWU9PCU9czIlPiI+PCU9czIlPjwvYT48L2Rpdj48L3RkPg0KICAgICAgICAgICAgICA8JQkNCgkJCWlmKHM1LmVxdWFsc0lnbm9yZUNhc2UoIldhaXRpbmciKSkNCgkJCXsNCgkJCQ0KCQklPg0KICAgICAgICAgICAgICA8dGQ+PGRpdiBjbGFzcz0ic3R5bGUyOSI+DQogICAgICAgICAgICAgICAgICA8ZGl2IGFsaWduPSJjZW50ZXIiPjxhIGhyZWY9IkNfU3RhdHVzVXNlci5qc3A/aWQ9PCU9aSU+Ij48JT1zNSU+PC9hPjwvZGl2Pg0KICAgICAgICAgICAgICA8L2Rpdj48L3RkPg0KICAgICAgICAgICAgICA8JQ0KCQkNCgkJCX1lbHNlDQoJCQl7DQoJCSU+DQogICAgICAgICAgICAgIDx0ZCB3aWR0aD0iMjgiPjxkaXYgY2xhc3M9InN0eWxlMjkiPg0KICAgICAgICAgICAgICAgICAgPGRpdiBhbGlnbj0iY2VudGVyIj48JT1zNSU+PC9kaXY+DQogICAgICAgICAgICAgIDwvZGl2PjwvdGQ+DQogICAgICAgICAgICA8L3RyPg0KICAgICAgICAgICAgPCUNCgkJCSAgfQ0KCSAgfQ0KICAgICAgICAgICBjb25uZWN0aW9uLmNsb3NlKCk7DQogICAgICAgICAgfQ0KICAgICAgICAgDQogICAgICAgICAgY2F0Y2goRXhjZXB0aW9uIGUpDQogICAgICAgICAgew0KICAgICAgICAgICAgb3V0LnByaW50bG4oZS5nZXRNZXNzYWdlKCkpOw0KICAgICAgICAgIH0NCiU+DQogICAgICAgICAgPC90YWJsZT4NCiAgICAgICAgICA8cCBhbGlnbj0icmlnaHQiIGNsYXNzPSJpbmZvcG9zdCI+PGEgaHJlZj0iQ19NYWluLmpzcCI+QmFjazwvYT48L3A+DQogICAgICAgICAgPGRpdiBjbGFzcz0iY2xyIj48L2Rpdj4NCiAgICAgICAgPC9kaXY+DQogICAgICA8L2Rpdj4NCiAgICAgIDxkaXYgY2xhc3M9InNpZGViYXIiPg0KICAgICAgICA8ZGl2IGNsYXNzPSJnYWRnZXQiPg0KICAgICAgICAgIDxoMiBjbGFzcz0ic3RhciI+TWVudTwvaDI+DQogICAgICAgICAgPGRpdiBjbGFzcz0iY2xyIj48L2Rpdj4NCiAgICAgICAgICA8dWwgY2xhc3M9InNiX21lbnUiPg0KICAgICAgICAgIDxsaT48YSBocmVmPSJDX01haW4uanNwIj5Ib21lPC9hPjwvbGk+DQogICAgICAgICAgPGxpPjxhIGhyZWY9IkNfTG9naW4uanNwIj5Mb2dvdXQ8L2E+PC9saT4NCiAgICAgICAgICA8L3VsPg0KICAgICAgICA8L2Rpdj4NCiAgICAgIDwvZGl2Pg0KICAgICAgPGRpdiBjbGFzcz0iY2xyIj48L2Rpdj4NCiAgICA8L2Rpdj4NCiAgPC9kaXY+DQogIDxkaXYgY2xhc3M9ImZvb3RlciI+DQogICAgPGRpdiBjbGFzcz0iZm9vdGVyX3Jlc2l6ZSI+DQogICAgICA8cCBjbGFzcz0ibGYiPiZuYnNwOzwvcD4NCiAgICAgIDxwIGNsYXNzPSJyZiI+Jm5ic3A7PC9wPg0KICAgICAgPGRpdiBzdHlsZT0iY2xlYXI6Ym90aDsiPjwvZGl2Pg0KICAgIDwvZGl2Pg0KICA8L2Rpdj4NCjwvZGl2Pg0KPGRpdiBhbGlnbj1jZW50ZXI+PC9kaXY+DQo8L2JvZHk+DQo8L2h0bWw+DQo=', '6e2cbf583ae42d58132ff0725d080df0f4dddbfc', '[B@1996bbd', '0', 'MDkvMDEvMjAyMyAgIDE2OjIyOjMz', 'Manjunath');
INSERT INTO `dataowner` VALUES ('18', 'Connect.jsp', 'RGF0YWJhc2UgQ29ubmVjdGlvbg==', 'PCVAIHBhZ2UgaW1wb3J0PSJqYXZhLnNxbC4qIiU+DQo8JUAgcGFnZSBpbXBvcnQ9ImphdmEudXRpbC4qIiAlPg0KPCUNCglDb25uZWN0aW9uIGNvbm5lY3Rpb24gPSBudWxsOw0KIAl0cnkgew0KICAgICANCg0KCSAgCUNsYXNzLmZvck5hbWUoImNvbS5teXNxbC5qZGJjLkRyaXZlciIpOwkNCgkJY29ubmVjdGlvbiA9IERyaXZlck1hbmFnZXIuZ2V0Q29ubmVjdGlvbigiamRiYzpteXNxbDovL2xvY2FsaG9zdDozMzA2L3dlYmNsb3VkIiwicm9vdCIsInJvb3QiKTsNCiAgICAgIAlTdHJpbmcgc3FsPSIiOw0KDQoJfQ0KCWNhdGNoKEV4Y2VwdGlvbiBlKQ0KCXsNCgkJU3lzdGVtLm91dC5wcmludGxuKGUpOw0KCX0NCiU+', '130d149deadc4a240d34696503cbeb3d52426d88', '[B@bfc25c', '0', 'MDkvMDEvMjAyMyAgIDE2OjQzOjIz', 'Manjunath');
INSERT INTO `dataowner` VALUES ('19', 'Search.jsp', 'U2VhcmNoaW5nIGRhdGE=', 'PCFET0NUWVBFIGh0bWwgUFVCTElDICItLy9XM0MvL0RURCBYSFRNTCAxLjAgVHJhbnNpdGlvbmFsLy9FTiIgImh0dHA6Ly93d3cudzMub3JnL1RSL3hodG1sMS9EVEQveGh0bWwxLXRyYW5zaXRpb25hbC5kdGQiPg0KPCVAIHBhZ2UgbGFuZ3VhZ2U9ImphdmEiIGNvbnRlbnRUeXBlPSJ0ZXh0L2h0bWw7IGNoYXJzZXQ9SVNPLTg4NTktMSINCiAgICBwYWdlRW5jb2Rpbmc9IklTTy04ODU5LTEiJT4NCgk8JUBwYWdlIGltcG9ydCA9ImphdmEudXRpbC4qIiU+DQo8JUAgaW5jbHVkZSBmaWxlPSJjb25uZWN0LmpzcCIgJT4NCiAgICA8JUBwYWdlIGltcG9ydCA9ImphdmEudXRpbC4qLGphdmEuc2VjdXJpdHkuS2V5LGphdmEudXRpbC5SYW5kb20samF2YXguY3J5cHRvLkNpcGhlcixqYXZheC5jcnlwdG8uc3BlYy5TZWNyZXRLZXlTcGVjLG9yZy5ib3VuY3ljYXN0bGUudXRpbC5lbmNvZGVycy5CYXNlNjQiJT4NCiAgICA8JUAgcGFnZSBpbXBvcnQ9ImphdmEuc3FsLiosamF2YS51dGlsLlJhbmRvbSxqYXZhLmlvLlByaW50U3RyZWFtLGphdmEuaW8uRmlsZU91dHB1dFN0cmVhbSxqYXZhLmlvLkZpbGVJbnB1dFN0cmVhbSxqYXZhLnNlY3VyaXR5LkRpZ2VzdElucHV0U3RyZWFtLGphdmEubWF0aC5CaWdJbnRlZ2VyLGphdmEuc2VjdXJpdHkuTWVzc2FnZURpZ2VzdCxqYXZhLmlvLkJ1ZmZlcmVkSW5wdXRTdHJlYW0iICU+DQo8JUAgcGFnZSBpbXBvcnQgPSJqYXZhLnNlY3VyaXR5LktleSxqYXZhLnNlY3VyaXR5LktleVBhaXIsamF2YS5zZWN1cml0eS5LZXlQYWlyR2VuZXJhdG9yLGphdmF4LmNyeXB0by5DaXBoZXIiJT4NCiA8JUBwYWdlIGltcG9ydCA9ImphdmEudXRpbC4qLGphdmEudGV4dC5TaW1wbGVEYXRlRm9ybWF0LGphdmEudXRpbC5EYXRlLGphdmEuaW8uRmlsZUlucHV0U3RyZWFtLGphdmEuaW8uRmlsZU91dHB1dFN0cmVhbSxqYXZhLmlvLlByaW50U3RyZWFtIiU+DQoNCjxodG1sIHhtbG5zPSJodHRwOi8vd3d3LnczLm9yZy8xOTk5L3hodG1sIj4NCjxoZWFkPg0KPHRpdGxlPkVORCBVU0VSUyA8L3RpdGxlPg0KPG1ldGEgaHR0cC1lcXVpdj0iQ29udGVudC1UeXBlIiBjb250ZW50PSJ0ZXh0L2h0bWw7IGNoYXJzZXQ9dXRmLTgiIC8+DQo8bGluayBocmVmPSJjc3Mvc3R5bGUuY3NzIiByZWw9InN0eWxlc2hlZXQiIHR5cGU9InRleHQvY3NzIiAvPg0KPGxpbmsgcmVsPSJzdHlsZXNoZWV0IiB0eXBlPSJ0ZXh0L2NzcyIgaHJlZj0iY3NzL2NvaW4tc2xpZGVyLmNzcyIgLz4NCjxzY3JpcHQgdHlwZT0idGV4dC9qYXZhc2NyaXB0IiBzcmM9ImpzL2N1Zm9uLXl1aS5qcyI+PC9zY3JpcHQ+DQo8c2NyaXB0IHR5cGU9InRleHQvamF2YXNjcmlwdCIgc3JjPSJqcy9jdWZvbi10aXRpbGxpdW0tMjUwLmpzIj48L3NjcmlwdD4NCjxzY3JpcHQgdHlwZT0idGV4dC9qYXZhc2NyaXB0IiBzcmM9ImpzL2pxdWVyeS0xLjQuMi5taW4uanMiPjwvc2NyaXB0Pg0KPHNjcmlwdCB0eXBlPSJ0ZXh0L2phdmFzY3JpcHQiIHNyYz0ianMvc2NyaXB0LmpzIj48L3NjcmlwdD4NCjxzY3JpcHQgdHlwZT0idGV4dC9qYXZhc2NyaXB0IiBzcmM9ImpzL2NvaW4tc2xpZGVyLm1pbi5qcyI+PC9zY3JpcHQ+DQo8c3R5bGUgdHlwZT0idGV4dC9jc3MiPg0KPCEtLQ0KLnN0eWxlMTkge2ZvbnQtd2VpZ2h0OiBib2xkOyBmb250LXNpemU6IDI0O30NCi5zdHlsZTIxIHsNCglmb250LXNpemU6IDI0cHg7DQoJZm9udC13ZWlnaHQ6IGJvbGQ7DQoJZm9udC1zdHlsZTogaXRhbGljOw0KfQ0KLnN0eWxlMjIge2ZvbnQtd2VpZ2h0OiBib2xkfQ0KLnN0eWxlMjQge2NvbG9yOiAjRkZGRkZGOyBmb250LXN0eWxlOiBpdGFsaWM7IH0NCi5zdHlsZTI1IHtjb2xvcjogI0ZGMDAwMH0NCi0tPg0KPC9zdHlsZT4NCjwvaGVhZD4NCjxib2R5Pg0KPGRpdiBjbGFzcz0ibWFpbiI+DQogIDxkaXYgY2xhc3M9ImhlYWRlciI+DQogICAgPGRpdiBjbGFzcz0iaGVhZGVyX3Jlc2l6ZSI+DQogICAgICA8ZGl2IGNsYXNzPSJsb2dvIj4NCiAgICAgICAgPGgxPjxhIGhyZWY9ImluZGV4Lmh0bWwiIGNsYXNzPSJzdHlsZTIxIj5XZWJDbG91ZCBXZWIgQmFzZWQgQ2xvdWQgU3RvcmFnZSBmb3IgIDxiciAvPg0KICAgICAgICBTZWN1cmUgRGF0YSBTaGFyaW5nIGFjcm9zcyBQbGF0Zm9ybXM8L2E+PC9oMT4NCiAgICAgIDwvZGl2Pg0KICAgICAgPGRpdiBjbGFzcz0ibWVudV9uYXYiPg0KICAgICAgICA8dWw+DQogICAgICAgICAgPGxpIGNsYXNzPSJhY3RpdmUiPjxhIGhyZWY9IkRVX01haW4uanNwIj5FTkQgVVNFUlM8L2E+PC9saT4NCiAgICAgICAgICA8bGk+PGEgaHJlZj0iRFVfTG9naW4uanNwIj4gTG9nb3V0IDwvYT48YSBocmVmPSJhYm91dC5odG1sIj48L2E+PC9saT4NCiAgICAgICAgPC91bD4NCiAgICAgIDwvZGl2Pg0KICAgICAgPGRpdiBjbGFzcz0iY2xyIj48L2Rpdj4NCiAgICAgIDxkaXYgY2xhc3M9InNsaWRlciI+DQogICAgICAgIDxkaXYgaWQ9ImNvaW4tc2xpZGVyIj4gPGEgaHJlZj0iIyI+PGltZyBzcmM9ImltYWdlcy9zbGlkZTEuanBnIiB3aWR0aD0iOTYwIiBoZWlnaHQ9IjM2MCIgYWx0PSIiIC8+PC9hPiA8YSBocmVmPSIjIj48aW1nIHNyYz0iaW1hZ2VzL3NsaWRlMi5qcGciIHdpZHRoPSI5NjAiIGhlaWdodD0iMzYwIiBhbHQ9IiIgLz48L2E+IDxhIGhyZWY9IiMiPjxpbWcgc3JjPSJpbWFnZXMvc2xpZGUzLmpwZyIgd2lkdGg9Ijk2MCIgaGVpZ2h0PSIzNjAiIGFsdD0iIiAvPjwvYT4gPC9kaXY+DQogICAgICAgIDxkaXYgY2xhc3M9ImNsciI+PC9kaXY+DQogICAgICA8L2Rpdj4NCiAgICAgIDxkaXYgY2xhc3M9ImNsciI+PC9kaXY+DQogICAgPC9kaXY+DQogIDwvZGl2Pg0KICA8ZGl2IGNsYXNzPSJjb250ZW50Ij4NCiAgICA8ZGl2IGNsYXNzPSJjb250ZW50X3Jlc2l6ZSI+DQogICAgICA8ZGl2IGNsYXNzPSJtYWluYmFyIj4NCiAgICAgICAgPGRpdiBjbGFzcz0iYXJ0aWNsZSI+DQogICAgICAgICAgPGgyPjxzcGFuPlNlYXJjaGVkIEZpbGVzPC9zcGFuPjwvaDI+DQogICAgICAgICAgPHAgY2xhc3M9ImluZm9wb3N0Ij4mbmJzcDs8L3A+DQogICAgICAgICAgPHRhYmxlIHdpZHRoPSI2MjEiIGJvcmRlcj0iMS41IiBjZWxscGFkZGluZz0iMCIgY2VsbHNwYWNpbmc9IjAiIGFsaWduPSJjZW50ZXIiPg0KICAgICAgICAgICAgPHRyPg0KICAgICAgICAgICAgICA8dGQgd2lkdGg9IjUxIiBoZWlnaHQ9IjI5IiBiZ2NvbG9yPSIjRkYwMDAwIj48ZGl2IGFsaWduPSJjZW50ZXIiIGNsYXNzPSJzdHlsZTI0Ij48c3BhbiBjbGFzcz0ic3R5bGUxOSI+RmlsZSBJRCA8L3NwYW4+PC9kaXY+PC90ZD4NCiAgICAgICAgICAgICAgPHRkIHdpZHRoPSIxMDQiIGJnY29sb3I9IiNGRjAwMDAiPjxkaXYgYWxpZ249ImNlbnRlciIgY2xhc3M9InN0eWxlMjQiPjxzcGFuIGNsYXNzPSJzdHlsZTE5Ij5GaWxlIE5hbWUgPC9zcGFuPjwvZGl2PjwvdGQ+DQogICAgICAgICAgICAgIDx0ZCB3aWR0aD0iMjYzIiBiZ2NvbG9yPSIjRkYwMDAwIj48ZGl2IGFsaWduPSJjZW50ZXIiIGNsYXNzPSJzdHlsZTI0Ij48c3BhbiBjbGFzcz0ic3R5bGUxOSI+SW5kZXggTmFtZSA8L3NwYW4+PC9kaXY+PC90ZD4NCiAgICAgICAgICAgICAgPHRkIHdpZHRoPSI2NyIgYmdjb2xvcj0iI0ZGMDAwMCI+PGRpdiBhbGlnbj0iY2VudGVyIiBjbGFzcz0ic3R5bGUyNCI+PHNwYW4gY2xhc3M9InN0eWxlMTkiPlJhbms8L3NwYW4+PC9kaXY+PC90ZD4NCiAgICAgICAgICAgICAgPHRkIHdpZHRoPSIxMjQiIGJnY29sb3I9IiNGRjAwMDAiPjxkaXYgYWxpZ249ImNlbnRlciIgY2xhc3M9InN0eWxlMjQiPjxzcGFuIGNsYXNzPSJzdHlsZTE5Ij5Eb3dubG9hZDwvc3Bhbj48L2Rpdj48L3RkPg0KICAgICAgICAgICAgICA8JQkgIA0KCQkJICANCgkJCSAgDQoJU3RyaW5nIHMxPSIiLHMyPSIiLHMzPSIiLHM0PSIiLHM1PSIiLHM2PSIiLHM3PSIiLHM4LHM5PSIiLHMxMCxzMTEsczEyLHMxMzsNCglpbnQgaT0wLGo9MCxrPTA7DQogICAgU3RyaW5nIHVzZXI9KFN0cmluZylhcHBsaWNhdGlvbi5nZXRBdHRyaWJ1dGUoInVuYW1lIik7DQp0cnkgDQogIHsNCiAgICAgICAgICAgIFN0cmluZyBjbG91ZCA9IHJlcXVlc3QuZ2V0UGFyYW1ldGVyKCJjbG91ZCIpOw0KICAgICAgICAgICAgU3RyaW5nIGtleXdvcmQgPSByZXF1ZXN0LmdldFBhcmFtZXRlcigidDE0Iik7DQogICAgICAJCVN0cmluZyBrZXlzID0gImVmNTBhMGVmMmMzZTNhNWYiOw0KICAgICAgCQlTdHJpbmcgaDE9IiI7DQogICAgICAJCVN0cmluZyBmaWxlbmFtZT0iZmlsZW5hbWUudHh0IjsNCiAgICAgIAkJDQoJCQlTaW1wbGVEYXRlRm9ybWF0IHNkZkRhdGUgPSBuZXcgU2ltcGxlRGF0ZUZvcm1hdCgiZGQvTU0veXl5eSIpOw0KCQkJU2ltcGxlRGF0ZUZvcm1hdCBzZGZUaW1lID0gbmV3IFNpbXBsZURhdGVGb3JtYXQoIkhIOm1tOnNzIik7DQoNCgkJCURhdGUgbm93ID0gbmV3IERhdGUoKTsNCgkJDQoJCQlTdHJpbmcgc3RyRGF0ZSA9IHNkZkRhdGUuZm9ybWF0KG5vdyk7DQoJCQlTdHJpbmcgc3RyVGltZSA9IHNkZlRpbWUuZm9ybWF0KG5vdyk7DQoJCQlTdHJpbmcgZHQgPSBzdHJEYXRlICsgIiAgICIgKyBzdHJUaW1lOw0KCQkJDQogICAgICAJCWJ5dGVbXSBrZXlWYWx1ZSA9IGtleXMuZ2V0Qnl0ZXMoKTsNCiAgICAgIAkJS2V5IGtleSA9IG5ldyBTZWNyZXRLZXlTcGVjKGtleVZhbHVlLCAiQUVTIik7DQogICAgICAJCUNpcGhlciBjID0gQ2lwaGVyLmdldEluc3RhbmNlKCJBRVMiKTsNCiAgICAgIAkJYy5pbml0KENpcGhlci5FTkNSWVBUX01PREUsIGtleSk7DQogICAgICAJCVN0cmluZyBzZWFyY2ggPSBuZXcgU3RyaW5nKEJhc2U2NC5lbmNvZGUoa2V5d29yZC5nZXRCeXRlcygpKSk7DQoJCQkNCgkJCVN0cmluZyB0YXNrMT0iU2VhcmNoIjsNCgkJCQ0KCQkJU3RyaW5nIHN0clF1ZXJ5MjEgPSJpbnNlcnQgaW50byB0cmFuc2FjdGlvbih1c2VyLGZuYW1lLHRhc2ssZHQpIHZhbHVlcygnIit1c2VyKyInLCciK2tleXdvcmQrIicsJyIrdGFzazErIicsJyIrZHQrIicpIjsNCgkJCWNvbm5lY3Rpb24uY3JlYXRlU3RhdGVtZW50KCkuZXhlY3V0ZVVwZGF0ZShzdHJRdWVyeTIxKTsNCgkJCQ0KCQkJDQoJCQlTdHJpbmcgc3RyUXVlcnkyMiA9Imluc2VydCBpbnRvIHNlYXJjaCh1c2VyLGtleXdvcmQsZHQpIHZhbHVlcygnIit1c2VyKyInLCciK2tleXdvcmQrIicsJyIrZHQrIicpIjsNCgkJCWNvbm5lY3Rpb24uY3JlYXRlU3RhdGVtZW50KCkuZXhlY3V0ZVVwZGF0ZShzdHJRdWVyeTIyKTsNCgkNCgkJCQlpbnQgZm91bmQ9MCx0b3RhbD0wOw0KCQkJCVN0cmluZyBxdWVyeTQ9InNlbGVjdCAqIGZyb20gY2xvdWRzZXJ2ZXIiOyANCgkJCQlTdGF0ZW1lbnQgc3Q0PWNvbm5lY3Rpb24uY3JlYXRlU3RhdGVtZW50KCk7DQoJCQkJUmVzdWx0U2V0IHJzPXN0NC5leGVjdXRlUXVlcnkocXVlcnk0KTsNCgkJCQl3aGlsZSAoIHJzLm5leHQoKSApDQoJCQkJew0KCQkJCQlpPXJzLmdldEludCgxKTsNCgkJCQkJczI9cnMuZ2V0U3RyaW5nKDIpOw0KCQkJCQlzMT1ycy5nZXRTdHJpbmcoMyk7DQoJCQkJCXMzPXJzLmdldFN0cmluZyg0KTsgLy8gRGVzYw0KCQkJCQlzND1ycy5nZXRTdHJpbmcoNyk7DQoJCQkJCXRvdGFsPXRvdGFsKzE7DQoJCQkJCQ0KCQkJCQkNCgkJCQkJYy5pbml0KENpcGhlci5ERUNSWVBUX01PREUsa2V5KTsNCgkJCQkJU3RyaW5nIGRlY3J5cHRlZFZhbHVlID0gbmV3IFN0cmluZyhCYXNlNjQuZGVjb2RlKHMzLmdldEJ5dGVzKCkpKTsNCgkJCQkJU3RyaW5nIGRlY3J5cHRlZEluZGV4ID0gbmV3IFN0cmluZyhCYXNlNjQuZGVjb2RlKHMxLmdldEJ5dGVzKCkpKTsNCgkJCQkJDQoJCQkJDQoJCQkJCQ0KCQkJCQkgDQoJCQkJCSANCgkJCQkJDQoJCQkJCSANCgkJCQkJDQoJCQkJCWlmKChkZWNyeXB0ZWRWYWx1ZS50b0xvd2VyQ2FzZSgpLmNvbnRhaW5zKGtleXdvcmQudG9Mb3dlckNhc2UoKSkpfHwoZGVjcnlwdGVkSW5kZXgudG9Mb3dlckNhc2UoKS5jb250YWlucyhrZXl3b3JkLnRvTG93ZXJDYXNlKCkpKXx8KHMyLnRvTG93ZXJDYXNlKCkuY29udGFpbnMoa2V5d29yZC50b0xvd2VyQ2FzZSgpKSkpDQoJCQkJCXsNCgkJCQkJCWZvdW5kPWZvdW5kKzE7DQoJCQkJCQlTdHJpbmcgc3RyUXVlcnkxID0gInNlbGVjdCAqIGZyb20gY2xvdWRzZXJ2ZXIgd2hlcmUgZm5hbWU9JyIrczIrIiciOw0KCQkJCQkJUmVzdWx0U2V0IHJzMTEgPSBjb25uZWN0aW9uLmNyZWF0ZVN0YXRlbWVudCgpLmV4ZWN1dGVRdWVyeShzdHJRdWVyeTEpOw0KCQkJCQkJCWlmKHJzMTEubmV4dCgpPT10cnVlKQ0KCQkJCQkJCXsNCgkJCQkJCQkJU3RyaW5nIHJhbms9cnMxMS5nZXRTdHJpbmcoNyk7DQoJCQkJCQkJCWludCB1cGRhdGVyYW5rID0gSW50ZWdlci5wYXJzZUludChyYW5rKSsxOw0KCQkJCQkJCQlTdHJpbmcgc3RyUXVlcnkyID0gInVwZGF0ZSBjbG91ZHNlcnZlciBzZXQgcmFuaz0nIit1cGRhdGVyYW5rKyInIHdoZXJlIGZuYW1lPSciK3MyKyInIjsNCgkJCQkJCQkJY29ubmVjdGlvbi5jcmVhdGVTdGF0ZW1lbnQoKS5leGVjdXRlVXBkYXRlKHN0clF1ZXJ5Mik7DQoJCQkJCQkJCSU+DQoJCQk8L3RyPg0KCQkJCQkJCQk8dHI+DQoJCQkJCQkJCSAgPHRkIGhlaWdodD0iMjgiPjxkaXYgYWxpZ249ImNlbnRlciIgY2xhc3M9InN0eWxlMjUiPjwlPWklPjwvZGl2PjwvdGQ+DQoJCQkJCQkJCSAgPHRkPjxkaXYgYWxpZ249ImNlbnRlciIgY2xhc3M9InN0eWxlMjUiPjwlPXMyJT48L2Rpdj48L3RkPg0KCQkJCQkJCQkgIDx0ZD48ZGl2IGFsaWduPSJjZW50ZXIiIGNsYXNzPSJzdHlsZTI1Ij48JT1zMSU+PC9kaXY+PC90ZD4NCgkJCQkJCQkJICA8dGQ+PGRpdiBhbGlnbj0iY2VudGVyIiBjbGFzcz0ic3R5bGUyNSI+PCU9czQlPjwvZGl2PjwvdGQ+DQoJCQkJCQkJCSAgPHRkPjxkaXYgYWxpZ249ImNlbnRlciIgY2xhc3M9InN0eWxlMjUiPjxhIGhyZWY9IkRVX0Rvd25sb2FkU2VhcmNoLmpzcD9mbmFtZT08JT1zMiU+Ij4gPCU9czIlPiA8L2E+PC9kaXY+PC90ZD4NCgkJCQkJCQkJPC90cj4NCgkJCQkJCQkJPCUNCgkJCQkJCQkJDQoJCQkJCVN0cmluZyBzdHJRdWVyID0gImluc2VydCBpbnRvIHNlYXJjaGhpc3RvcnkgKHVzZXIsa2V5d29yZCxmbmFtZSxkdCkgdmFsdWVzKCciK3VzZXIrIicsJyIra2V5d29yZCsiJywnIitzMisiJywnIitkdCsiJykiOw0KCQkJCQkJCQljb25uZWN0aW9uLmNyZWF0ZVN0YXRlbWVudCgpLmV4ZWN1dGVVcGRhdGUoc3RyUXVlcik7DQoJCQkJCQkJfQ0KCQkJCQkJCWVsc2UNCgkJCQkJCQl7IA0KCQkJCQkJCQklPg0KCQkJCQkJCQk8aDI+RmlsZSBOb3QgRm91bmQgISEhPC9oMj4NCgkJCQkJCQkJPCUNCgkJCQkJCQl9DQoJCQkJCQ0KCQkJCSANCgkJCSAgCQkgIH0NCgkJCSAgICB9DQoJCQkJCVN0cmluZyBzdHJRdWVyeTMgPSAiaW5zZXJ0IGludG8gc2VhcmNocmF0aW8gKHVzZXIsa2V5d29yZCx0b3RhbCxmb3VuZCxkdCkgdmFsdWVzKCciK3VzZXIrIicsJyIra2V5d29yZCsiJywnIit0b3RhbCsiJywnIitmb3VuZCsiJywnIitkdCsiJykiOw0KCQkJCQkJCQljb25uZWN0aW9uLmNyZWF0ZVN0YXRlbWVudCgpLmV4ZWN1dGVVcGRhdGUoc3RyUXVlcnkzKTsNCgkJCQklPg0KICAgICAgICAgICAgPGJyIC8+DQogICAgICAgICAgICA8JSAgDQoJCQljb25uZWN0aW9uLmNsb3NlKCk7DQoJfQ0KCWNhdGNoKEV4Y2VwdGlvbiBlKQ0KCXsNCglvdXQucHJpbnRsbihlLmdldE1lc3NhZ2UoKSk7DQoJfQ0KJT4NCiAgICAgICAgICA8L3RhYmxlPg0KICAgICAgICAgIDxwIGFsaWduPSJyaWdodCIgY2xhc3M9ImluZm9wb3N0Ij48YSBocmVmPSJEVV9TZWFyY2guanNwIj5CYWNrPC9hPjwvcD4NCiAgICAgICAgICA8ZGl2IGNsYXNzPSJjbHIiPjwvZGl2Pg0KICAgICAgICA8L2Rpdj4NCiAgICAgIDwvZGl2Pg0KICAgICAgPGRpdiBjbGFzcz0ic2lkZWJhciI+DQogICAgICAgPGRpdiBjbGFzcz0iZ2FkZ2V0Ij4NCiAgICAgICAgPGgyIGNsYXNzPSJzdGFyIj5NZW51PC9oMj4NCiAgICAgICAgPGRpdiBjbGFzcz0iY2xyIj48L2Rpdj4NCiAgICAgICAgPHVsIGNsYXNzPSJzYl9tZW51IHN0eWxlMjIiPg0KICAgICAgICAgIDxsaT48YSBocmVmPSJEVV9NYWluLmpzcCI+SG9tZTwvYT48L2xpPg0KICAgICAgICAgIDxsaT48YSBocmVmPSJEVV9Qcm9maWxlLmpzcCI+TXkgUHJvZmlsZTwvYT48L2xpPg0KICAgICAgICAgIDxsaT48YSBocmVmPSJEVV9WaWV3RmlsZXMuanNwIj5WaWV3IEZpbGVzIDwvYT48L2xpPg0KICAgICAgICAgIDxsaT48YSBocmVmPSJEVV9TZWFyY2guanNwIj5TZWFyY2ggRmlsZXM8L2E+PC9saT4NCiAgICAgICAgICA8bGk+PGEgaHJlZj0iRFVfUmF0aW8uanNwIj5TZWFyY2ggUmF0aW88L2E+PC9saT4NCiAgICAgICAgICA8bGk+PGEgaHJlZj0iRFVfVG9wa0RvYy5qc3AiPlRvcCBLIFNlYXJjaCA8L2E+PC9saT4NCiAgICAgICAgICA8bGk+PGEgaHJlZj0iRFVfU2VhcmNoUmVxLmpzcCI+UmVxIFNlYXJjaCBDb250cm9sPC9hPjwvbGk+DQogICAgICAgICAgPGxpPjxhIGhyZWY9IkRVX0xvZ2luLmpzcCI+TG9nb3V0PC9hPjwvbGk+DQogICAgICAgIDwvdWw+DQogICAgICAgPC9kaXY+DQogICAgICA8L2Rpdj4NCiAgICAgIDxkaXYgY2xhc3M9ImNsciI+PC9kaXY+DQogICAgPC9kaXY+DQogIDwvZGl2Pg0KICA8ZGl2IGNsYXNzPSJmb290ZXIiPg0KICAgIDxkaXYgY2xhc3M9ImZvb3Rlcl9yZXNpemUiPg0KICAgICAgPHAgY2xhc3M9ImxmIj4mbmJzcDs8L3A+DQogICAgICA8cCBjbGFzcz0icmYiPiZuYnNwOzwvcD4NCiAgICAgIDxkaXYgc3R5bGU9ImNsZWFyOmJvdGg7Ij48L2Rpdj4NCiAgICA8L2Rpdj4NCiAgPC9kaXY+DQo8L2Rpdj4NCjxkaXYgYWxpZ249Y2VudGVyPjwvZGl2Pg0KPC9ib2R5Pg0KPC9odG1sPg0K', '664d8900d28ae555506a183f3575ca7cc6c90af1', '[B@193b022', '0', 'MDkvMDEvMjAyMyAgIDE2OjUyOjE0', 'Manjunath');
INSERT INTO `dataowner` VALUES ('20', 'DOAuth.jsp', 'T3duZXIgQXV0aG96YXRpb24=', 'PCFET0NUWVBFIGh0bWwgUFVCTElDICItLy9XM0MvL0RURCBYSFRNTCAxLjAgVHJhbnNpdGlvbmFsLy9FTiIgImh0dHA6Ly93d3cudzMub3JnL1RSL3hodG1sMS9EVEQveGh0bWwxLXRyYW5zaXRpb25hbC5kdGQiPg0KPGh0bWwgeG1sbnM9Imh0dHA6Ly93d3cudzMub3JnLzE5OTkveGh0bWwiPg0KPGhlYWQ+DQo8dGl0bGU+REFUQSBPV05FUjwvdGl0bGU+DQo8bWV0YSBodHRwLWVxdWl2PSJDb250ZW50LVR5cGUiIGNvbnRlbnQ9InRleHQvaHRtbDsgY2hhcnNldD11dGYtOCIgLz4NCjxsaW5rIGhyZWY9ImNzcy9zdHlsZS5jc3MiIHJlbD0ic3R5bGVzaGVldCIgdHlwZT0idGV4dC9jc3MiIC8+DQo8bGluayByZWw9InN0eWxlc2hlZXQiIHR5cGU9InRleHQvY3NzIiBocmVmPSJjc3MvY29pbi1zbGlkZXIuY3NzIiAvPg0KPHNjcmlwdCB0eXBlPSJ0ZXh0L2phdmFzY3JpcHQiIHNyYz0ianMvY3Vmb24teXVpLmpzIj48L3NjcmlwdD4NCjxzY3JpcHQgdHlwZT0idGV4dC9qYXZhc2NyaXB0IiBzcmM9ImpzL2N1Zm9uLXRpdGlsbGl1bS0yNTAuanMiPjwvc2NyaXB0Pg0KPHNjcmlwdCB0eXBlPSJ0ZXh0L2phdmFzY3JpcHQiIHNyYz0ianMvanF1ZXJ5LTEuNC4yLm1pbi5qcyI+PC9zY3JpcHQ+DQo8c2NyaXB0IHR5cGU9InRleHQvamF2YXNjcmlwdCIgc3JjPSJqcy9zY3JpcHQuanMiPjwvc2NyaXB0Pg0KPHNjcmlwdCB0eXBlPSJ0ZXh0L2phdmFzY3JpcHQiIHNyYz0ianMvY29pbi1zbGlkZXIubWluLmpzIj48L3NjcmlwdD4NCjxzdHlsZSB0eXBlPSJ0ZXh0L2NzcyI+DQo8IS0tDQouc3R5bGUyIHsNCglmb250LXNpemU6IDE2cHg7DQoJZm9udC13ZWlnaHQ6IGJvbGQ7DQp9DQouc3R5bGUzIHtjb2xvcjogIzBkNjg4N30NCi5zdHlsZTQgew0KCWZvbnQtc2l6ZTogMjRweDsNCglmb250LXdlaWdodDogYm9sZDsNCglmb250LXN0eWxlOiBpdGFsaWM7DQp9DQouc3R5bGU1IHtjb2xvcjogI0ZGMDAwMH0NCi5zdHlsZTYge2ZvbnQtc2l6ZTogMTZweDsgZm9udC13ZWlnaHQ6IGJvbGQ7IGNvbG9yOiAjRkYwMDAwOyB9DQotLT4NCjwvc3R5bGU+DQo8L2hlYWQ+DQo8Ym9keT4NCjxkaXYgY2xhc3M9Im1haW4iPg0KICA8ZGl2IGNsYXNzPSJoZWFkZXIiPg0KICAgIDxkaXYgY2xhc3M9ImhlYWRlcl9yZXNpemUiPg0KICAgICAgPGRpdiBjbGFzcz0ibG9nbyI+DQogICAgICAgIDxoMT48YSBocmVmPSJpbmRleC5odG1sIiBjbGFzcz0ic3R5bGU0Ij5XZWJDbG91ZCBXZWIgQmFzZWQgQ2xvdWQgU3RvcmFnZSBmb3IgIDxiciAvPg0KICAgICAgICBTZWN1cmUgRGF0YSBTaGFyaW5nIGFjcm9zcyBQbGF0Zm9ybXM8L2E+PC9oMT4NCiAgICAgIDwvZGl2Pg0KICAgICAgPGRpdiBjbGFzcz0ibWVudV9uYXYiPg0KICAgICAgICA8dWw+DQogICAgICAgICAgPGxpPjxhIGhyZWY9ImluZGV4Lmh0bWwiPjxzcGFuPkhvbWUgPC9zcGFuPjwvYT48L2xpPg0KICAgICAgICAgIDxsaSBjbGFzcz0iYWN0aXZlIj48YSBocmVmPSJET19Mb2dpbi5qc3AiPjxzcGFuPkRBVEEgT1dORVI8L3NwYW4+PC9hPjwvbGk+DQogICAgICAgICAgPGxpPjxhIGhyZWY9IkRVX0xvZ2luLmpzcCI+RU5EIERBVEEgT1dORVIgPC9hPjxhIGhyZWY9ImFib3V0Lmh0bWwiPjwvYT48L2xpPg0KICAgICAgICAgIDxsaT48YSBocmVmPSJDX0xvZ2luLmpzcCI+PHNwYW4+Q0xPVUQgU0VSVklDRSBQUk9WSURFUlM8L3NwYW4+PC9hPjwvbGk+DQogICAgICAgICAgPGxpPjxhIGhyZWY9IiI+PC9hPjwvbGk+DQogICAgICAgIDwvdWw+DQogICAgICA8L2Rpdj4NCiAgICAgIDxkaXYgY2xhc3M9ImNsciI+PC9kaXY+DQogICAgICA8ZGl2IGNsYXNzPSJzbGlkZXIiPg0KICAgICAgICA8ZGl2IGlkPSJjb2luLXNsaWRlciI+IDxhIGhyZWY9IiMiPjxpbWcgc3JjPSJpbWFnZXMvc2xpZGUxLmpwZyIgd2lkdGg9Ijk2MCIgaGVpZ2h0PSIzNjAiIGFsdD0iIiAvPjwvYT4gPGEgaHJlZj0iIyI+PGltZyBzcmM9ImltYWdlcy9zbGlkZTIuanBnIiB3aWR0aD0iOTYwIiBoZWlnaHQ9IjM2MCIgYWx0PSIiIC8+PC9hPiA8YSBocmVmPSIjIj48aW1nIHNyYz0iaW1hZ2VzL3NsaWRlMy5qcGciIHdpZHRoPSI5NjAiIGhlaWdodD0iMzYwIiBhbHQ9IiIgLz48L2E+IDwvZGl2Pg0KICAgICAgICA8ZGl2IGNsYXNzPSJjbHIiPjwvZGl2Pg0KICAgICAgPC9kaXY+DQogICAgICA8ZGl2IGNsYXNzPSJjbHIiPjwvZGl2Pg0KICAgIDwvZGl2Pg0KICA8L2Rpdj4NCiAgPGRpdiBjbGFzcz0iY29udGVudCI+DQogICAgPGRpdiBjbGFzcz0iY29udGVudF9yZXNpemUiPg0KICAgICAgPGRpdiBjbGFzcz0ibWFpbmJhciI+DQogICAgICAgIDxkaXYgY2xhc3M9ImFydGljbGUiPg0KICAgICAgICAgIDxoMj48c3Bhbj5Ob3QgQXV0aG9yaXplZCAhICA8L3NwYW4+PC9oMj4NCiAgICAgICAgICA8cD4mbmJzcDs8L3A+DQogICAgICAgICAgPHA+Jm5ic3A7PC9wPg0KICAgICAgICAgIDxwIGNsYXNzPSJzdHlsZTIiPldlbGNvbWUgPCU9YXBwbGljYXRpb24uZ2V0QXR0cmlidXRlKCJkb25hbWUiKSU+CQkgIDwvcD4NCiAgICAgICAgICA8cCBjbGFzcz0ic3R5bGUyIj5Zb3UgQXJlIDxzcGFuIGNsYXNzPSJzdHlsZTMiPk5vdCBBdXRob3JpemVkPC9zcGFuPiA8c3BhbiBjbGFzcz0ic3R5bGU1Ij5QbGVhc2UgV2FpdCBGb3IgQ0xPVUQgU0VSVklDRSBQUk9WSURFUlMgVG8gQXV0aG9yaXplICEgICAgICAgICAgPC9zcGFuPjwvcD4NCiAgICAgICAgICA8cCBjbGFzcz0ic3R5bGU2Ij4mbmJzcDs8L3A+DQogICAgICAgICAgPHAgY2xhc3M9ImluZm9wb3N0Ij4mbmJzcDs8L3A+DQogICAgICAgIDwvZGl2Pg0KICAgICAgPC9kaXY+DQogICAgICA8ZGl2IGNsYXNzPSJzaWRlYmFyIj4NCiAgICAgICAgPGRpdiBjbGFzcz0iZ2FkZ2V0Ij4NCiAgICAgICAgICA8aDIgY2xhc3M9InN0YXIiPk1lbnU8L2gyPg0KICAgICAgICAgIDxkaXYgY2xhc3M9ImNsciI+PC9kaXY+DQogICAgICAgICAgPHVsIGNsYXNzPSJzYl9tZW51Ij4NCiAgICAgICAgICAgIDxsaT48YSBocmVmPSJET19hdXRoby5qc3AiPkhvbWU8L2E+PC9saT4NCiAgICAgICAgICA8bGk+PGEgaHJlZj0iRE9fTG9naW4uanNwIj48c3Bhbj5Mb2dvdXQ8L3NwYW4+PC9hPjwvbGk+DQogICAgICAgICAgPC91bD4NCiAgICAgICAgPC9kaXY+DQogICAgICAgIDxkaXYgY2xhc3M9ImdhZGdldCI+DQogICAgICAgICAgPGgyIGNsYXNzPSJzdGFyIj48YnIgLz4NCiAgICAgICAgICA8L2gyPg0KICAgICAgICA8L2Rpdj4NCiAgICAgIDwvZGl2Pg0KICAgICAgPGRpdiBjbGFzcz0iY2xyIj48L2Rpdj4NCiAgICA8L2Rpdj4NCiAgPC9kaXY+DQogIDxkaXYgY2xhc3M9ImZiZyI+PC9kaXY+DQogIDxkaXYgY2xhc3M9ImZvb3RlciI+DQogICAgPGRpdiBjbGFzcz0iZm9vdGVyX3Jlc2l6ZSI+DQogICAgICA8cCBjbGFzcz0ibGYiPiZuYnNwOzwvcD4NCiAgICAgIDxwIGNsYXNzPSJyZiI+Jm5ic3A7PC9wPg0KICAgICAgPGRpdiBzdHlsZT0iY2xlYXI6Ym90aDsiPjwvZGl2Pg0KICAgIDwvZGl2Pg0KICA8L2Rpdj4NCjwvZGl2Pg0KPGRpdiBhbGlnbj1jZW50ZXI+PC9kaXY+DQo8L2JvZHk+DQo8L2h0bWw+DQo=', '207be866a466904d170670a4762e6f547d9d7bb2', '[B@1ac9cff', '0', 'MDkvMDEvMjAyMyAgIDE3OjEyOjU4', 'Kishore');
INSERT INTO `downer` VALUES ('3', 'Hitesh', 'Hitesh', 'Hitesh.123@gmail.com', '9535866270', '#8827,Rajajinagar,Bangalore-21', '05/06/1987', 'Male', '560021', 'Bangalore', 0x89504E470D0A1A0A0000000D49484452000000780000007808030000000EBAC6E000000063504C5445FFFFFF000000F1F1F1FBFBFBCDCDCDF7F7F7F4F4F4E9E9E9383838545454BBBBBBB6B6B6C5C5C54040404A4A4A898989E0E0E08383839696969E9E9E5C5C5CAAAAAA323232646464262626909090A4A4A40C0C0C2B2B2BD9D9D97D7D7D6F6F6F1B1B1B6538C8000000060E494441546881ED5AD9BAA2300C765844591551548E47DFFF294769D38D242D1ECE7C73E17FA7A50DD9D384D5EA83FF1D713422FE7714A3AC3CECFBAEDE8CA8BB7E7F28B3E8B789964D77FE83E0DC35E5AF11CFDA0EA3A9D1B5D9F254E3C386A72AB0392CABF4A40FA12AD0278B91CD09661F0F82ED7C11B2A54BB6BE37459245EB759AAED7519614CDBD7649973F267BB3CFDC3649964E9F4AB3A4D9DA6F77FB11D9A8B1A81E77DCC3BBA345BBF9817B255FFA9C73CB5295B45BC3CBBFDEB63283DD4D11BAA9304CA2798B6C54E9779F65A6B99653F586B84BB5FB31DB3B0AED67B3CDFBA8B65EDE8845F1456D3FCEDBA9D47B7AD32D6EA7B714BD875D7B9ADD781D456B66599F114EF75B6E19085B8EB37CDFD7D56653D5FD3ECF08EAC5208FF99E4B9710F3AE7522644DB8B8127720CFA0DF1AF5053C51E1292982370CD2F315E86212CCB618D917B6581110432CB8FAE982FF6EB1C58622FBC205DB012FEAF5E708F845D63247B7C360FFAE31A6618F2786C532D256C85A622480FE9244AF7C1C251743E7674CD352DA1B3E0E49596E90F72B157FD5D5622DBBAAA83E20128D242FAC8149050F881FDD145BC5A412480B250C6627A3E6B5743C246E80EEFF7CAFD19DE0FB982E0BB17242778E9082C6FC1D6C848CF9905530ABDC7B847DA3CDA0F58B0BFCB09D2E81C95209674B2EEFE4A16C3193C88790F829594263C3B37210AB581CE848DD9B90BAEC9025999FF1924238C503117442EBDEC237299758F822161E80618C2B1123BEBC055424AAAD1E592A689605C32764E5162468E378CC88BE289613FA9584496FFC74C17C11C306814ED5D0D3A70B59046436C8A9A82A37B81A625A9C3B611874DC31B01E1F1DB08A44AAC1B5DDC3F8EF193B2C279D044147BB8D88E707E75F5A393290BA1B080806D0E0889ACA8E16910C688157021138D110255566570B2DFDFCEA843C4F22239D1238B0A52A5483A71EE1816174572B116BD0A5E3D45864B645251DBF4318AD7364AA310320A399050923D6B2A76D7141514B3266AEE98870366231E39261D9507274E6CE5ECA9DE0ADCE5AC942EB35D2477A61A900F2AC466BC786C56BDE89B3960A994FDC1DE1B1AF095E302349E07EB99A0A4F942C64A29F9D16B1127784C850FAA2DE7346ADA27B40138629044608B3D639B9E31D6691D26744669B4B5C4F42990D21918757CBEB87C3910B119AD5957F5D7908CB7ACCDB44A1CB5B8B70051CC88B24C3D0AC829E66581ABDBA040BC20F227EBC005718367CC1E589E9F2A68F9984E10A825DBC155D7971475B211CE18123ACAEA9A4B4A59C691F1E090F1661AF71ADCC8B39EACE317731774F51C6E575A71740CD689F51750F3905AF26EEE40B2002AA09F28C9E4EF345AF787ABD4E00F1854CA06CB4B5AA4379CBD234BB9507DDC8479B3616DC90E94912EA7DED7EE2E37CB6275E6857D1829B24F8B468E040CCD6C6F7082815DCB4C817020AF1AEE508B73B6FFE720B01BEF401B239D9B955B2CE79D293D2872FF6048E278E24E0C4CE3E26C51E5FDEBE5032327624CE44D549798B54DA16769575F6D0B745128D8A49A3A4687BBB7D5C9141644A86AD86A5D14BDCAF8846B2EBDD7C86B2EF6985CE5DDACCF6787D24E36A74349F43CD05B9B431D7D45C6BB74F58A38D8D39093A1644AEA9F4C55C8B791B30954DB4C721E2C62EE6542B424F3F02279BB9DA300984B215E1D0C00B626532F7E0796CA4F7382B789F0E6D37A9EC1E3CB67E016A11B72AC5DB4D58834D8DFA0286F426765F1865A2C186B4146106BCE5633882146CCC2CFC88962214EDDABB4162F77706D7A0682D4159FC22AE21C2A2EA5E40A5E34D963880B2AA49C8B6313802B88D4C465418F5424A1BBA214CA35CB23C08C94A059FDEFE58293E996AE64603A085F1491956871F7CA095C99C35BAC4C5B5200BB556CB96914C2872AD2C7EFC630CBC0AC40FE7E31B2C1B065E643C80119FD40F330C0C821C559E62DF884F0D35EF0B08FA85DC3A8EE303A67423023B5B1CACAF0BD9B4DA843E18069311CF7D4197750B306CB28CBBB086BA07CFFF2E0983FE46CA9BD0413A8F25E8AE5650B105E84DDE76833A88C1A7057D5C250C6C7612C691861816E019588765BEE97C221FF8469085ECB6E097C3D1ED173E05FEE0830F3EF8E0830F3EF820047F01CB6E3ED44028EF510000000049454E44AE426082, 'Authorized');
INSERT INTO `downer` VALUES ('4', 'Manjunath', 'Manjunath', 'tmksmanju13@gmail.com', '9535866270', '#7837,4th Main,2nd Block,Rajajinagar', '05/06/1987', 'Male', '560021', 'Bangalore', 0x89504E470D0A1A0A0000000D49484452000000660000006608030000000E01145000000084504C5445FFFFFF34495E2C3E502E40531C32469EA5AD31475C2E445A31465CFAFBFB284057273F56A4ADB6243D55EFF0F23A4E62B0B7BF425569C1C7CEDDE1E4B9BFC6C7CDD18995A0516274E6E8EA193045848E9958697ADBDFE297A1AC7F8994758290677786485B6FABB2BA4E5C67717B86D1D4D74757665763705E6C7A60708024384B19364FB10589D20000031C494441546881ED9AD9B6A23010458D62429019191411A145AFFAFFFFD7B0AE53AB544A2A3EB5E7C147F7AAA4726AD0D1E8ABAFBEFAACDC2C8A7DDBF6C328733FC5904DBDAE1CC799CDDA8F6A5D37F2139478595996C9CE32C5AC5AC6DA2159E9892BE342F2CA4C2B44FA8EE0EC495C9C7C8D27E7268F91DC224AB4E5822C5F8572E194BAE2D9587D904E56A90522973388C2D82CD111CFDCEBB997EBB979733A25CB054C614CE4F4BC4EC08B395F4F410EC651535A0E351C4C305D16D02832E87D31F7E2012DD9E68A2CBB7242122651A6D9AF04E9D4E4168BD9524E2DFBC1620E945C6B2A5406B44E9036044C8C4BB436052A4A250D0364A6990125D5622C8607946862ECDDF08A7237AB148BC957048C7BC026F486D412ACB198358532B291185E933011C3393423161C9CDB88038D329A9F309813AD0EB41EADEE38BA60C82D54C89446C03DFA682097EA064A473F98ED151C1D6D5AAB9507724440F1993B8501C011A412F02FA7EAE588541BA52DD669CF54E0908AF3B312EF15C523769B0F721B3F7F656E077FA56F3FE076FB809716CABBFD801E90B45366F5FA34B7586AD35FA76BB3D781DC87C48811C9F87042141CEE1C289B15B7800DE026111483038AF2FE7DC05340E650679B5BC850CE013943FC40DAAA41FD51A657BF7F4185BA9C3D8A7B6F4FD405FE5AEE38E24D8EDDFF20219996FD0E65EE0DA27403C81B8B9555FA568EDD4BA4F85A8A699A7A39399692A016287D72903528C6F5CD7D42766D6E4938B24EA2C4D89B4FA4B4F120B22D1B9E65D770102E5A2B369B18CD7C25063BA243E2958A129292F922654DC08ECEB0C406A644D8250D2C1E4420C6D64269054ED6728DDAA0AA652D21CCEA650B3B4022874E2D1E5A671E65821B295FC3DBFC9505BC50895B6EA330457F974336E79B209B46FCBA81C600ABDC2CD76068670CE0D2E82D1D0203ECF1DC8D3ECC16B81BEC121D81F901303B6D98C91EB89BCD51930BF0237037B230C67A0AC1D89802434838198F2764106FBF85439E26B7C6B80511D57E8501FF9E13ED8E630D32FE285AA8666F90214763AF1C0BA262B75818042D16BB2962A89659534F09AA9BEC237FF2F8EAABFF4E7F01B070378EDE50F2620000000049454E44AE426082, 'Authorized');
INSERT INTO `downer` VALUES ('5', 'Rajesh', 'Rajesh', 'Rajesh.123@gmail.com', '9535866270', '#8298,4th Cross,Rajajiangar', '05/06/1987', 'Male', '560021', 'Bangalore', 0xFFD8FFE000104A46494600010100000100010000FFDB008400090607080706090807080A0A090B0D160F0D0C0C0D1B14151016201D2222201D1F1F2428342C242631271F1F2D3D2D3135373A3A3A232B3F443F384334393A37010A0A0A0D0C0D1A0F0F1A37251F253737373737373737373737373737373737373737373737373737373737373737373737373737373737373737373737373737FFC00011080079007903012200021101031101FFC4001C0000010501010100000000000000000000000304050607010208FFC4003D1000010401010407050408070000000000010002030411050612213113415161718191222342A1C10732B1D1142433526272B2F043538292A2C2E1FFC4001A010101000301010000000000000000000000040103050206FFC40020110100030002030003010000000000000000010203113104122122327113FFDA000C03010002110311003F00DC508420130D4B56A7A7347E9127BC232D898379CEF2FAF249EBFA83B4EA0E922DDE99E77220E3800F69EE0324F82A10D6F4D8E6708A3B3AC5E7717BD8DCB49F13CC7963B14FB6DE9F21BF2CBDFECF49DB7B4F7A624548E3ACCED78DF7FE43E6A1AEEA975C099750B4E3DD26E7F4E12736D0DC683BDA0CD1B3CF87FC545D8D5295E05A5A607F691F92E7DF6B4CFECBA99563AA92B5AC5B85C5D15EB4D3DA2C3FF34F343DBDD6609BA295ADBF172F7A70E6FF00A80FC415577433D9B6E8003EC9C1C75AB0D0A30D0803A41ED762F51ACD3A962728B770D2F42DA2ABABFBADC7D7B41BBC60971923B5A7911FD9532B0FBFAF4952CD7BF54E24AB2070FA8F3048F35B5549D96AB45622398E5635ED3DC4642BBC7D674AFDED16F9452DF3A2C842150D0108420108420108420CE7ED75D238E970373B8E73CE3BF829ED1F49834CA3157AF186E1A37DD8E2E77593DA95DB7D18EADA6B248B1D3D4789999EB03EF0F4FC14AC7187372143AE536D279574D38CE20C1F128FBBA7D5B23F58AF1C9DEE6F1F55392B004CA61CD49AE5C37677E55697672A440BAA3E7AF2730E6499E3E079AACED4EA33910C53002D33799216700E031877982B4194702B3ADB8606EAAD70E6E8867D4A9F3B4C5B851DAB05CE7B65613CC656F5B07299B63B477939FD558DF418FA2C11A7DB7FF295BCEC030B36334707AEAB5DEBC7EABA9E2F687C9E9604210AD48108420108420108420F12B77D8E69F881098559BDC333CF746548950929E8679A3EA0F24781E3F5537916F4E2CDD947B730752C80A653390E953791F95CED75E55D33E094C78155AD6E853B52F4D622DF7B5BBA32E2063C94F599006955ED52C00D7127000393D8A29B71F615D2BCF6A2EB351B5F5035E935C4CED688D84E4EF38E30BE82D1E98D3B4AA749BCABC0C8BFDA005977D9BE8526B5AF3B686DB1C29D6791583BE37818CF8373EBE0B5C0BBBE2526B4E6DDB99E55E2D7E21D4210AA4C108420108420108420E1511ADC658F8E71C9DEC3BF11F55309BDE8A29AAC91CE43632DE2E271BBDEB56F9FFA67357BCEFE9689568CA3B5212D800734C6C4B23247B03DAF0D380F0701DE194D247C8EE0F9638FC5C09F40BE7AD16ACF130EC562B31CC14B96F390DC927900A1A68D96B58A7A759F6E3B13C714CD071ECB880464771C252DDE15DA5B543BA43FE2BF98F01D4A084D2C56A3B113C8963787B5FCF0E0720ACE75F6D2B0F77FC693FC6EB4EB434EB475AB44C8A189BBAC63060340EA096542D9FF00B42865732BEBAC15DE795967ECCFF30F87E63C15EE3919246D9237B5CC70CB5CD390476AFA5705E908420108420108420108495B9D956B4B3C9F7636971EFC206DA96A51D21B807493B865B18ECED27A82AD5EB166DB89B12170EA60E0D1E013A682EDE9263999E779E7BFF2EA4DA6C7140C6A5810EAD5EB3C6F47658F6B8119E23047F7DEA42CD7858C76E431B73CF0D0145D76F49B5141BCF7637BB1E602BBBF4CAB21CB9878F30090145E578D6D679AA9C368CFE4B3E934576A33F4552176FF006B7801E2A3F54D1E1A967F468250F310DD9653F13FAC01D8392D2358B7168FA638C0D631EEF6636818E27AFC9676F249249249E249EB59F1BC3AE3F94FD9676F2ADA47AF508A928438C3CBF1DA31C13FD1357D4766A41FA2CA6CD0272FAF272F169F84FCBB5273A67D2EE1DD77DC2AC4AD7F44D669EB55458A52640E0F63B83987B08522B10A7A858D0B518F50A44E01C491E783DBD87E9D856CFA7DC8750A305BACEDE8A6607B4F71FAA070842100842100A1F69E5DCA5145FE6CED07C065DFF5530AB3B5F2EED8A2CEE91DE9BA3EA81989B87348C926535E957974A814D1474BB5ACFE0AC3E6E77E4AFCE706B4B9C7000C927A9517649BD26D0D993F763637EBF5533B5FA97415C5289DEF25197E3A9BD9E682BBAFEA6752BA5ED3EE59ECC63BBB7CD45397A2526F38081ACE5474E79A7B3B9474EE41D77BCAA47710AF5F64DAA9974DB5A748E24D6787B01EA6BFABD41F554085D98DE3B0A93FB37B66B6D598B7B0D9E07C78CF5821C3F03EA83690F05743826EC8E5201C01E6946C4EEB23C902D942F2D6E17A402AA6DB31ED968D8C7BB01F113D8E76E91FD255AD256EB436EBC95EC46D9229061CD77228336E9170C89FEB1A05CD2CB9F087DAA63887B465F18FE2039F88F350E246BC65AE047682827364268EBCDA9DC94E191919F268E0A2AF5B92E5A92C4A7DA91D9C760EA0918E7732AC900386C92EFBBBF03804997610749C734DA69176591339A4409CCF4C277F34B4D226133F9A052BBF8BC782F5B333743B5F4883CE623D5A535ACFF78F1DCBBA1B64976B29B606191E25DEDD68C9C008371D3B502D9191125CD71C63B14E286D174B7D7027B58337C2CCFDCFFD53280421080421080C287D5366F4ED41C6531BA09CF39603BA4F88E47CC298420A05FD92D52BE5D55D15B675069E8DFE8787CD57EDD7B958E2CD3B3111FBD0BB1EB8C7CD6BEB9D45061D2D86F2DE19ECCA6925861F8DBEAB65D45420FDA0F14195492877DD39F05E5B4351B4715A85B989FDC81C7E8B73D3BEE852C3904187E8FF0067DB47A84BEFA11A7C0EE0E967209C77301CFAE16A3B2BB25A6ECCC27F4463A4B327ED6CCB82F777770EE1F3560420108420108420FFD9, 'Authorized');
INSERT INTO `downer` VALUES ('6', 'Suresh', 'Suresh', 'Suresh.123@gmail.com', '9535866270', '#829,8th Cross,Vijayanagar', '05/06/1987', 'Male', '560040', 'Bangalore', 0xFFD8FFE000104A46494600010100000100010000FFDB008400090607080706090807080A0A090B0D160F0D0C0C0D1B14151016201D2222201D1F1F2428342C242631271F1F2D3D2D3135373A3A3A232B3F443F384334393A37010A0A0A0D0C0D1A0F0F1A37251F253737373737373737373737373737373737373737373737373737373737373737373737373737373737373737373737373737FFC00011080079007903012200021101031101FFC4001C0000010501010100000000000000000000000304050607010208FFC4003D1000010401010407050408070000000000010002030411050612213113415161718191222342A1C10732B1D1142433526272B2F043538292A2C2E1FFC4001A010101000301010000000000000000000000040103050206FFC40020110100030002030003010000000000000000010203113104122122327113FFDA000C03010002110311003F00DC508420130D4B56A7A7347E9127BC232D898379CEF2FAF249EBFA83B4EA0E922DDE99E77220E3800F69EE0324F82A10D6F4D8E6708A3B3AC5E7717BD8DCB49F13CC7963B14FB6DE9F21BF2CBDFECF49DB7B4F7A624548E3ACCED78DF7FE43E6A1AEEA975C099750B4E3DD26E7F4E12736D0DC683BDA0CD1B3CF87FC545D8D5295E05A5A607F691F92E7DF6B4CFECBA99563AA92B5AC5B85C5D15EB4D3DA2C3FF34F343DBDD6609BA295ADBF172F7A70E6FF00A80FC415577433D9B6E8003EC9C1C75AB0D0A30D0803A41ED762F51ACD3A962728B770D2F42DA2ABABFBADC7D7B41BBC60971923B5A7911FD9532B0FBFAF4952CD7BF54E24AB2070FA8F3048F35B5549D96AB45622398E5635ED3DC4642BBC7D674AFDED16F9452DF3A2C842150D0108420108420108420CE7ED75D238E970373B8E73CE3BF829ED1F49834CA3157AF186E1A37DD8E2E77593DA95DB7D18EADA6B248B1D3D4789999EB03EF0F4FC14AC7187372143AE536D279574D38CE20C1F128FBBA7D5B23F58AF1C9DEE6F1F55392B004CA61CD49AE5C37677E55697672A440BAA3E7AF2730E6499E3E079AACED4EA33910C53002D33799216700E031877982B4194702B3ADB8606EAAD70E6E8867D4A9F3B4C5B851DAB05CE7B65613CC656F5B07299B63B477939FD558DF418FA2C11A7DB7FF295BCEC030B36334707AEAB5DEBC7EABA9E2F687C9E9604210AD48108420108420108420F12B77D8E69F881098559BDC333CF746548950929E8679A3EA0F24781E3F5537916F4E2CDD947B730752C80A653390E953791F95CED75E55D33E094C78155AD6E853B52F4D622DF7B5BBA32E2063C94F599006955ED52C00D7127000393D8A29B71F615D2BCF6A2EB351B5F5035E935C4CED688D84E4EF38E30BE82D1E98D3B4AA749BCABC0C8BFDA005977D9BE8526B5AF3B686DB1C29D6791583BE37818CF8373EBE0B5C0BBBE2526B4E6DDB99E55E2D7E21D4210AA4C108420108420108420E1511ADC658F8E71C9DEC3BF11F55309BDE8A29AAC91CE43632DE2E271BBDEB56F9FFA67357BCEFE9689568CA3B5212D800734C6C4B23247B03DAF0D380F0701DE194D247C8EE0F9638FC5C09F40BE7AD16ACF130EC562B31CC14B96F390DC927900A1A68D96B58A7A759F6E3B13C714CD071ECB880464771C252DDE15DA5B543BA43FE2BF98F01D4A084D2C56A3B113C8963787B5FCF0E0720ACE75F6D2B0F77FC693FC6EB4EB434EB475AB44C8A189BBAC63060340EA096542D9FF00B42865732BEBAC15DE795967ECCFF30F87E63C15EE3919246D9237B5CC70CB5CD390476AFA5705E908420108420108420108495B9D956B4B3C9F7636971EFC206DA96A51D21B807493B865B18ECED27A82AD5EB166DB89B12170EA60E0D1E013A682EDE9263999E779E7BFF2EA4DA6C7140C6A5810EAD5EB3C6F47658F6B8119E23047F7DEA42CD7858C76E431B73CF0D0145D76F49B5141BCF7637BB1E602BBBF4CAB21CB9878F30090145E578D6D679AA9C368CFE4B3E934576A33F4552176FF006B7801E2A3F54D1E1A967F468250F310DD9653F13FAC01D8392D2358B7168FA638C0D631EEF6636818E27AFC9676F249249249E249EB59F1BC3AE3F94FD9676F2ADA47AF508A928438C3CBF1DA31C13FD1357D4766A41FA2CA6CD0272FAF272F169F84FCBB5273A67D2EE1DD77DC2AC4AD7F44D669EB55458A52640E0F63B83987B08522B10A7A858D0B518F50A44E01C491E783DBD87E9D856CFA7DC8750A305BACEDE8A6607B4F71FAA070842100842100A1F69E5DCA5145FE6CED07C065DFF5530AB3B5F2EED8A2CEE91DE9BA3EA81989B87348C926535E957974A814D1474BB5ACFE0AC3E6E77E4AFCE706B4B9C7000C927A9517649BD26D0D993F763637EBF5533B5FA97415C5289DEF25197E3A9BD9E682BBAFEA6752BA5ED3EE59ECC63BBB7CD45397A2526F38081ACE5474E79A7B3B9474EE41D77BCAA47710AF5F64DAA9974DB5A748E24D6787B01EA6BFABD41F554085D98DE3B0A93FB37B66B6D598B7B0D9E07C78CF5821C3F03EA83690F05743826EC8E5201C01E6946C4EEB23C902D942F2D6E17A402AA6DB31ED968D8C7BB01F113D8E76E91FD255AD256EB436EBC95EC46D9229061CD77228336E9170C89FEB1A05CD2CB9F087DAA63887B465F18FE2039F88F350E246BC65AE047682827364268EBCDA9DC94E191919F268E0A2AF5B92E5A92C4A7DA91D9C760EA0918E7732AC900386C92EFBBBF03804997610749C734DA69176591339A4409CCF4C277F34B4D226133F9A052BBF8BC782F5B333743B5F4883CE623D5A535ACFF78F1DCBBA1B64976B29B606191E25DEDD68C9C008371D3B502D9191125CD71C63B14E286D174B7D7027B58337C2CCFDCFFD53280421080421080C287D5366F4ED41C6531BA09CF39603BA4F88E47CC298420A05FD92D52BE5D55D15B675069E8DFE8787CD57EDD7B958E2CD3B3111FBD0BB1EB8C7CD6BEB9D45061D2D86F2DE19ECCA6925861F8DBEAB65D45420FDA0F14195492877DD39F05E5B4351B4715A85B989FDC81C7E8B73D3BEE852C3904187E8FF0067DB47A84BEFA11A7C0EE0E967209C77301CFAE16A3B2BB25A6ECCC27F4463A4B327ED6CCB82F777770EE1F3560420108420108420FFD9, 'Authorized');
INSERT INTO `downer` VALUES ('7', 'Suguna', 'Sugana', 'Suguna.123@gmail.com', '9535866270', '#7827,4th Cross,Rajajiangar', '05/06/1987', 'Male', '560040', 'Bangalore', 0x89504E470D0A1A0A0000000D49484452000000780000007808030000000EBAC6E000000066504C5445000000FFFFFFB9B9B9F0F0F0FCFCFC6E6E6E222222E9E9E9F3F3F3979797DFDFDFF6F6F6B3B3B3C2C2C2656565E6E6E6CACACA7373735353535959599D9D9DABABAB484848D2D2D23F3F3F8888882727274E4E4E1111111717170808085F5F5F3636368080804A918D9200000422494441546881ED9BDB9AA2300C8023051514114754C003BCFF4BAE8EB2D292F444D4B9F0BFDC4FFCB7B5A46D9281893B495AB4353CA8DB224D3CBE041C3F9F2D574718705C2DB3578A457A41AC0FF725152F128BB8A2AC77AAD8416D2D16F154AFBD31B557DB8A97E41C2B33BE6415EF7776DA1BBB3D9FB8B0D7DE2898C48B1F372FC0CF82432C0C6B19A332AF31A3786FB198874C8D3FB449BCF7D1DE30990D626FAFD1AC170BAF79BE33D5FFCE5AF1BCF1F70234736F7134C60B10F98AE3715E80D84F3C62617568169846EC109F29763EE2E5782F00BD5791E2F989437C225736292E39BC00A5AB38E4F102848EE2D1AF5207F54A1162B601934326C4299F387512AFF8C42B17B1E0F302E0BB142E66091E1D7810C1C539A738B7178FDB8755F07D1915279C5E00F4168B8AD7BCE2B5B598294E77A0F11A15B3AE2D6275A162E73B8B9E1F5B71B8E1156FB0708D89339633C09313961FC1C4B311C7788CE9EC2BFE8A3BB85F27CCF1A702C8E742E6C736898F6D8B1F3B082C0E9CDE039A6EFB5B87BDCF1D6F3F76A0EFE77B5669E04CDABB0211B91F421C3C1F9C52375C0D612FDA074EE2496FAAC84B3D4D3F025102E2DFB7BD47ED52EE3DFA89AAADA3B87F336F2CF2DE7D164DEF61D75484948B20AEB814FDCB3599DC23C50BB0791C434A9F90934527D8A40A886D5167A2041FBA2E629B524477180C6967F34A292A49546A752A6CA587FC92A8CA97B436DED6FA3FAB4D94CBB99FC658264E1AE901EDCBA015ABFB72AC7DA1174A3610DF87ADC4934429653644E0BD11C8C385A37E820CE51FD50C8702DDE544A11E5A0C5E63C16B78FCAAA27426C5C1709646C332A06941184B7CC979F09DD7237A5E04627E4504458E1DFFCFC685682E6A2A4BD50AF30B6055C6752E3F452C65DCC9C70AD75792DAACEBA8EDDA516C9B13AC076D355C07F1449416B9A053C9DE8E7165561A3205D312BBFA8F175FD5E9057BAB7F395F5207AD4F935184351945AF6D327A902CB7F9FF919FF3EDF21D6D553D42213C2E190CE2717CC55FF12F73A7D51B6AFB3FECC5595C43A539E4A90415D4B1399C18C4227E6C0DA7ADD5A8E7DD11F764EADED38AF752DAA9DD1BDCE15AFA7CAEBDD06BC4EB41F6B86A03721C22680747CD8DE6AA478A13FCA455D5F13A9143652892755CE37D6E1119C6A91E812DFA3D0F9A4D9497F7C45299479B46F7596A6DE0E284A1DDA663870F1A15B366148974022666CE93E3993244CCD811D181DC948762C69FF7C930193210BF60BC37066356C4217301E6491E6AC56CBD4543629D38303FEF4F408BB3577A01324A1C3ADC097DA84342EC780D76A7C0C533CB36797F8E33543CB2E1D586081333349E9AD92362D6B21EC5612866AEA052AC07E217C56895952A662DEAE9C814716B7E848756163336809A0825316303A8895412BF217874447DF1DB96D60DD113BF71A6BBB98677CF7437D7BF629F3FF0F1E7FEA741FF003B3B3706917081010000000049454E44AE426082, 'Authorized');
INSERT INTO `downer` VALUES ('8', 'Kishore', 'Kishore', 'Kishore123@gmail.com', '9535866270', '#8928,4th Cross,Malleshwaram', '05/06/1987', 'Male', '560021', 'Bangalore', 0x89504E470D0A1A0A0000000D49484452000000C9000000FA08030000003CF693340000010B504C54452E5E99FFFFFFFFD9B51E4A85FFB068FFAE64FFDBB9FFAD6124518C2B5A951F4B86285691003E7F25528D1A48842A599400347AFFAA5900337A003A7D0040806161FFFFAB5C11448219497E0C4281F7F8FAFFC69300377BD8DDE6FFBC80FFD0A5FFEBDCFFC088536E9AFFC9988999B6B5BED0FFB572FFE1CAEAEDF27185A9FFB666C2CAD89EABC28E9DB9EEF0F4788BADABB6CAFFF6EF3250A5505AFFFFD1AC4C6897595EEF3F5F915F77A0FFB5584456C64A58D3BCC5D4274C93DFE3EBFFB878FFDFC6776C7DBF8F73B18671F1A96A3F5583F9AD7B857287575E80D299706E687E00287A89757BD79B9D2F4FA17068F5C993ADE8A488997BD97A6CEFA581D0EFA462A682776162CE796D9338F34CF90000122149444154789CED9DF77BE2381AC74D31065C282678082D0C0909218599244BE63697CCF6726DF7766FEFFEFFBFE4AC577203DBAAF6CC93BBF797C99321D81FBD455FC992AC558AB677EF4E4ECE919D9CBC2BF23A5A81DF7DF271BEA8F77AC3E1D040E6FFDB1BAEC6F7E7C500154572529DF57C00BDBE6FBA31ECE9CB8FEA690A2139591AC31488384E6F55550CA39EE4DDDC181E50E8875C46EFE5A3CAEBAA26397FE9197100C3A8AF5E66B3C562319BBDAC74438F3319BDB93AC7A825F9588FDCA11BF5D978795F6DC4AD3A5F2E56464463F4C6AA5854929CD787913366CB7BB8F57D43BF9C8F57611AE9AA58D4919CBC0C238C791A441CA71AC1E8BDB98AEB2B2359F68280592DABB91801CCFD228832C33897BF0145242706C97303B9838A4160AAE33A61E92DA46F410D49E010E365CE8A411CB3242CBA71F21990BC5B6187E82B3E0ECC320EDC22992D0A48CE8943F4253707B054670609CC4F4C72DF2381551502412C73D21475997A2C4DB2C4B5D7107348E09617EC969E44B2C8922C0C9C21F7122088652C8D2249424066721CD528C27AC23D8B1C09063116D22028C256722852243824A452246E2B5D26C06448E643A520D5C60B4611AB6012248D9E5A9010452F99E44439888F0201A6BF944B827364AC1204A1E0E629936406ADA7A26A254DB88089925421DB5F948334E6E0EB217FD60B92BCC3624B350742591AD0D7964582C3995FC4B3A040DC0EB96790C4481A28B674C5D91EA280BB87E5904092AC8A0121A9C25DBF8448963AC45631203ECA4217502D222490EE0514E0C87481A4172181262BA26E05D6580A38458004BB44A94A394059F13B4580044F86140942929ECF29FC2425B82470CAB858927BA370978499C2A359F8498C023BC5180A8888FB2249CE51AF6814CC81265B74CE311737099460F9B914BA21DF0F39729E9BA45768F71E59630685A53892F332F21D48B0242A8E04856FA1422542D1F9C28B97042A5709C145C28BA37A71929CC0C0A40C97E0F0E29866E124691825552E64A0588A22813429BC5BC4069D237BA27092143BC4DA23814469144302EAD12829B870A230AB483E1248F8A2C6EF07364711B02A86E4639909CF99F27C2448D19795F024E599953D1F0994AE8207593192154FF1E22341D383E5F4F040828AD79075B29B8F640502A2341234823058A755F9488C52465921090A66A35A084939E3C52409AB86E42329B363245DA3C1BA30879FA41C25FC7F121E92D7115DAF27E35F4F157E3D3DE3EB512BCB57A3205F8FAA7F3D23ADD733FAC53312258134F0B8AE18924ABDB4C9D48267895ED1CCDDEB994D2D7D869BFD99FCE7FED4815575F1932C4B7B12542DF849103CFA7D154FE7F0B0B190C5767B24105C1CBB6BB849C6AFE62976A92B0BEA1C37F63FBCDAE315ADC0793DABA2F07ACE8257AA092C1F145E3D5868A6409614BF7A101762BD489071392B3ACB5A65BBE0BB2BA195CF789175712B9F67DC854B9404AF462F2AE9C96A74DE6DC062241F8745C617341387769421A9BCE845EFDAE0DE15F4F9EDA4814D92BCE92E4E8277A01430F545763771C796C48EB305DE8FA01C45789FA9F82E40B8A4922DBF71C3D92E727CC1E7B6335340A64893543EAADF2D8BF730F38CAF949054EE55EF60C620027B196549C8C90BCA76CC7EBA5DE5E10679253BFDEF21B0C4CF5F903C7D01A3E8E2E77A8420735D0E44FA448C3139564952B87CFA13317C854F8E5B91499646956CF1E799DF524E829F3D4A45181EB5FBADF1E94E8E399E9E5D3F9A5F5DD603B788B034EEC9B13106D7548A3292E3CDD5DAE9BBD6C07346DF7D8B5974816C695417E4BCACCB6F6EB7D3E372496E9E4ECDBE3BF06AC41CEBEBC02D2BF6D3BB80A33126A7915DD67FB64603B7DFB93DBB2889647ABDEB5B23A71637C7FDB91EB0BC089D4476F993831BC6F1ACAE737B765334C9F476304950E09FDB4DCF0BDCE2E7ED98ED74B8F92C38E9EEB2FE951BFF56CFEAEFAEA6C5915C5C7BAE578B9BD36E9A664BF3CD8FB01FBF0D587463967FD45DA3D1B81FD7837323F5CB6F3C2FD62EF8C7C1A47DFD5C08C9E6A13FDA8300066C360AB11FBEFF500F615EC6F3B45314F1A1908B7A788AE2E587BF7D37706A8EA675CC663BE1EFD1C4BE622F018C24DB76CCFD4EDBEE68496BC1EFEF7EFFFE43EC644BFD65B19C274FB6BC9F8F67F1932D7D8EDFBE7C8302947C51C76EC66106FD356B9431916C3D2BE2689A5A8AA1FF79F3E5D1DD3F7FFD100419A2D17D1E386E74860E1BAD1B46FCB051FDF2F2977FDC1DFDB9EDFF6DFC4B3B76CC37DE64F7A48A64D38E38D2317078D5DA7F3F3A3ABAFBED977A8C25DB2E3FFCFAFBD1DDD1D117C825CEFEF799916B1CB779A682E4E6ED24E068676104E1F5E608D9DDDD7FBEAE5FE6D35C5E7EFBC7BFEFE0E37F8A07570226F48CE3DA1B6992AB3E292B4E733F3752C30BD917DEC0FDF18F9F8C61CA21C33A3A29F95F5FFFF58DEBBD870F1F0657AC79ECD02F93075A21CB27397E70C937357331B458789170B1BC9B77E7F7E3D5109D5E4DACD7D367CBC64965FB17CF6FEE37EFA34F677E6D27708CD33F9520D904FD47B39579A9B0FD82F0825BAB79CDB07E9213C54F62278A9FF5E1D3EFF3822BFCE28065E0E496B13C92AB3EC98FFCB82246C2EB0024D522949CE00A599A0E835B72486E27F8EF6D160E125EEFD9406228F9C145ACD3C66D6AEDB2055936C9A385FF9A1E58A4E5A20E8D0EE2A39076AA51828B9819647E6611CB24793BC019C2C8A1E1F022E58145639C461A2E3FB8883549845D7192608FB046165850321D9B492C3D84DD2D35B8B011B74C32922583648D41981A2BB020BC1C9305E4B81FBA8421B8F00570B6B86B0E926BE8461CA69A155970675D169F6C5CBEE002C328562A4A2AC9A62F02128697CB225F4FD118A1CD115CB14B58B78C2417A0B4F8420B59105E168BE0B3D1353AA6C31E5C602664977BCD46B2834FF3243B313472F1FF7244D115D05A5DEC0DFFCEF85A0CA374B72C24A71667F90DCDAE691D74836FE924671649759327B82294FE41041F924CFB3CF52461A81385EE8B4EB2F602B7730731546367B05F560E4930B3080818947CFA94150CDE58E5C39E411FE9ED3BFE80E4CAE22B8CFB86CA914B1D174D2732CD05EAD8DDEBECF7498EA16E09C5163694F2832C4511B5D7403015B14189EC273DBF4F728BCABC23E87664288ABDF45E38662055C41DDF826E62974772D1172CC0D1454079514040AAF016ADB8410FE9264AF11EC97A2495EEC8C0F114BD0252452284896E71B349B04BC4BD1E5C83A65740AA88A78946E22BD10527496E3D6997408DA4E9152C55A42F53EBC78690099263052E8194A7E89540AA4819742A31299920B91EC8BB8445AF845245C6CC3DA72448060A5C82F58A7B70F7718BA48AE475E2CE8F933CB90A5CC2A25764A44A64767254172781EE4AAAA28051F58A9C5489AC96901331125C82A59B8AAE5724A54AE2428E934202F92E9B871A835E792B27552273E2DE8F91B4155D80A65770AD97BF0EEE53C2368B48207A658B3C186A917E3689BC5409AC13CFF988044F76A8B80045AFC84B95D0E2F31F1189A3A4334146D12B0AA44A60766CF01892A82A8D1A4DAF28912AC45A31E11D925CABF379BE5E5122550243816C3D25496C55A551C37AC5CA2251235588D951F50A4854FA3C5FAFA8912AC43A51A305245B45DD22589E5E51988FC8A0D1A6711265FD2EB2668E5E5125556297B2AEE2245D359A0B5B9E5E51DA64E4528F31928D1A414F2C4FAF74950617BED42446A2B0DF4596AD57D449156261A2101285FD2EB26CBDA2B8C948A26C4312A53558CBD32B2ABB2D301014EB904469BFABE5E815D54D467A94664802538FAAFA5D2D47AFA86E320DE72452F69804E650D5A549B65E512A55B005390924176AFB5D2D5BAF586A2B0B32B43C07A53C906C2DC505254BAF28962A60414E6AA1CF990A0ADB02A94CBDC225550E16C0A61BE4E40321F158A58AC9FA943E43AFF04815D6CAD02239A971A50973DDC9D02B3C52C5667DB406D312374072C69A2636FB0A10A88DFB207CEACE618C4352BC10C92D6B6964FD6E2D43AFF0499526233414AF332061155D4D8E47A9A97A854FAA74183F0B0B4CAE1109EBE3CB16874B52F5CA0DA754693B4C5949AA8BC62EB49B3C7791A65778A58AC91603505D768884B1C873B924F57910B75471D83E8DCBB0C6DC2F3257C5F0EBF7F58AC5ABEE18731ECAF0B146A651E937C9B0223D6E877A855FAA986CFD35BAD4E459AB1CB375578C411BDAA15EB9E257776CC1D8848AAF55A66C09CF3BAC38D42B02B32A6CE10515FF496314C226EF4D404549ACB71578F8C7165E360CE535DCF1529DD87678C5F8BE5E119A88620A2F130259C34EA7559416EFC2CB43BD2234ABD2645D73EF9D6A15A6A52A36FF34C2BE5E314566554C96EB76202535B6D22530A4DCD32B37624BBA58E021251FB5E70943E9EA080CBEF7F48AE0AC4A9B457DC0953426D5C52AB01396D42B82B32A2C57C6C24B631A6609CD5724F5CA406C228AA90E43C1D7403F5262D1149AD949E815E1591596A2590367C09352CA8785822BF690464CAA606349941A24080C7D292D2E760F09BD22FC0088A5156BE0EF477AC72852B9B43DBD22BC4EC96424696B6FE98F62C5828BACB795902A602D0657D660132C2C4FA37D506CA635A657AEC59F93D26B37AC94D8693BAADB595A25D5627A4548AA60A3A73C84F18366537DC23BC60A2DDA1F242855826FA17C82A8153A09931E4DB348AFC83C00A2F78D44419A5412F10712B5E07990CC03A016B57212554FCD13E13489E91541A9828DDACB9391D603AD0AB314F40C0BF4CAB3D403206A4CE0CA827BC63C12D1DE448BF48AB05421DF42F9535CEDB5354DADB0089F0C0BF48ADC5A156AC5C141AC9DD26620F947F0A1057A456E790F75040C2415AAAAA7978E1CC3EB572497F7D0CA3014FB5D853AD2629CD14C3788E06709A982AC43B903D2016BB429487A179B6390F29B9DE45A15CA1F1351A4DD50E656847B786478C1A5272E55C02824E8FEBB17150DF75AD9EE935A7200CBC5BD9AB85421B790270F204DDAE829F6637EF1925B66520B4CEE4BF21AB3590BD648A0E295FD6844AA74C54864BE24BF47AB1121419E3A64260AAD70506F8298C477E4A72A04175A08A9552A6EDE485E4275E19BC026B5BC279704828BACB9CB95DC5245383C23456EBD601E09EC358583717C92272BC7FD524598142F19A942BB079B542EBC026792D36A92249A239F26B97181BE1C96A646EB56326E58420993BF974E933C129425641A1D914CBBD9755296A4299F267924C8E583EB90046FC94C778AECFA4BD8082AB9AC369B04BB24B62768939D29B224A6AC54D17248E0CB834974BCCA7697793289C4380BAC252B55B41C925A58B842129C2969179425D164A58A964D02D5A4BFB7C7146464DAD240E945F06DD91A9CD913400A8EC2651884E4A69B115FD2244DF995C8E92430E5186D608EF6694DD25353C5610CB25B1B52493AFB072D85BB0021BE0E9B4FFA3E24C534B2B4092F7C56D82476E24A4872EC396928F22DCABDE0E5C0527A67ACE71267AB45FB7E9FFB69C2429E447EC1FE21090EAD51629D656C7FFC260D45BA0A6B99471233DBC172487C30D728FB5CA22D4649A4579372182FDDE4779BD87B8D81B5DC1E48F294127CE4ABA36C5F2398D22FD3C25321070F951C92C02BFCC70E9667361EF1B88F955C92CA537010EFA7BEE10C230E493B9F77FF24B2A9450E6655BB994A91118738DD94E3D20FCEB9BBD991D37859B7FF9467C1F486B54BDBB19E761E649F0CBEDBAA9355CA020EA79F7240673A49655A236E7118CEDF2EC9420ECBCC38243DFD2CDBD02DB967D49766D169EFA349E6314119E70B3F3F84E7ED7FF2DC8F4EE0F7FAB7D907E8659E5EBD31C37752389FD0319DE8AD085EFF31EF2CAD9CB3D19FECE8FD1A8EBC7A1230F47287E0E0FD417F9DFF1681FC93F777DDE8D86FA76D9799FFAD18869FE7EE29ED853B94F73A4CD7FD41FCED2ACD52685AB1376D409AEF0E8F13E625F14760DB5D37F982A3B66D1687D332EDE48B693CD73A657A990BCB9B5C9EAFDB938467104ED3ECA8E569A1B7EB242FE28C5CEB96FEBE1076120473B5EB5BC9D71D611E5B1AA8E5BBC16EB7F75A0A5E47D564F30617896F3767EBC124850613F948260754CBF7806937F79D1098674DACF596EF15617CEFD37ADEAEBDAE354AC171623FB4DB3E19981D1AF985FF5FF10FA7410CACAEB7DE72BD804A8004D9CDE6FA71D075079E93774329B74BF9BC9F1596DBF51EAF37022F3813222138DBDB07ABEB5ABE8328374833C7F146036BD2F5DE9E6EA762103224D88EA74F57A78F9D4977E2230D469EEF26462CFFF6FD30B25C77D21FECD6A7DBCDB3C45B001590844417D3A7EDD5E9FAEDAEED37EE6432717DB3021B843FA15F4F26DDAE3B321F1E6FAFAFCE3653C117FFA5981292A4DD5C3C3F4FA79BCDE6E9E92CB2A727FF37D3E9F3C58D74EBA7DB7F01450BD293FFDDAEAF0000000049454E44AE426082, 'Authorized');
INSERT INTO `pkg` VALUES ('PKG', 'PKG');
INSERT INTO `request` VALUES ('5', 'tmksmanju', 'Granted');
INSERT INTO `request` VALUES ('6', 'Gopinath', 'Granted');
INSERT INTO `results` VALUES ('UserAuth.jsp', '443', '16384');
INSERT INTO `results` VALUES ('Connect.jsp', '175', '2048');
INSERT INTO `results` VALUES ('Search.jsp', '245', '48128');
INSERT INTO `results` VALUES ('DOAuth.jsp', '247', '19456');
INSERT INTO `search` VALUES ('38', 'tmksmanju', 'java', '09/01/2023   16:26:51');
INSERT INTO `search` VALUES ('39', 'tmksmanju', 'Java', '09/01/2023   16:40:20');
INSERT INTO `search` VALUES ('40', 'tmksmanju', 'java', '09/01/2023   16:43:31');
INSERT INTO `search` VALUES ('41', 'tmksmanju', 'connect', '09/01/2023   16:49:56');
INSERT INTO `search` VALUES ('42', 'tmksmanju', 'connect', '09/01/2023   16:51:15');
INSERT INTO `search` VALUES ('43', 'tmksmanju', 'search', '09/01/2023   16:52:29');
INSERT INTO `search` VALUES ('44', 'tmksmanju', 'search', '09/01/2023   16:52:49');
INSERT INTO `search` VALUES ('45', 'Gopinath', 'DOAuth', '09/01/2023   17:14:56');
INSERT INTO `search` VALUES ('46', 'Gopinath', 'DOAuth', '09/01/2023   17:15:22');
INSERT INTO `searchhistory` VALUES ('103', 'tmksmanju', 'java', 'UserAuth.jsp', '09/01/2023   16:26:51');
INSERT INTO `searchhistory` VALUES ('104', 'tmksmanju', 'Java', 'UserAuth.jsp', '09/01/2023   16:40:20');
INSERT INTO `searchhistory` VALUES ('105', 'tmksmanju', 'java', 'UserAuth.jsp', '09/01/2023   16:43:31');
INSERT INTO `searchhistory` VALUES ('106', 'tmksmanju', 'java', 'Connect.jsp', '09/01/2023   16:43:31');
INSERT INTO `searchhistory` VALUES ('107', 'tmksmanju', 'connect', 'UserAuth.jsp', '09/01/2023   16:49:56');
INSERT INTO `searchhistory` VALUES ('108', 'tmksmanju', 'connect', 'Connect.jsp', '09/01/2023   16:49:56');
INSERT INTO `searchhistory` VALUES ('109', 'tmksmanju', 'connect', 'UserAuth.jsp', '09/01/2023   16:51:15');
INSERT INTO `searchhistory` VALUES ('110', 'tmksmanju', 'connect', 'Connect.jsp', '09/01/2023   16:51:15');
INSERT INTO `searchhistory` VALUES ('111', 'tmksmanju', 'search', 'Search.jsp', '09/01/2023   16:52:29');
INSERT INTO `searchhistory` VALUES ('112', 'tmksmanju', 'search', 'Search.jsp', '09/01/2023   16:52:49');
INSERT INTO `searchhistory` VALUES ('113', 'Gopinath', 'DOAuth', 'DOAuth.jsp', '09/01/2023   17:14:56');
INSERT INTO `searchhistory` VALUES ('114', 'Gopinath', 'DOAuth', 'DOAuth.jsp', '09/01/2023   17:15:22');
INSERT INTO `searchratio` VALUES ('35', 'tmksmanju', 'java', '1', '1', '09/01/2023   16:26:51');
INSERT INTO `searchratio` VALUES ('36', 'tmksmanju', 'Java', '1', '1', '09/01/2023   16:40:20');
INSERT INTO `searchratio` VALUES ('37', 'tmksmanju', 'java', '2', '2', '09/01/2023   16:43:31');
INSERT INTO `searchratio` VALUES ('38', 'tmksmanju', 'connect', '2', '2', '09/01/2023   16:49:56');
INSERT INTO `searchratio` VALUES ('39', 'tmksmanju', 'connect', '2', '2', '09/01/2023   16:51:15');
INSERT INTO `searchratio` VALUES ('40', 'tmksmanju', 'search', '3', '1', '09/01/2023   16:52:29');
INSERT INTO `searchratio` VALUES ('41', 'tmksmanju', 'search', '3', '1', '09/01/2023   16:52:49');
INSERT INTO `searchratio` VALUES ('42', 'Gopinath', 'DOAuth', '4', '1', '09/01/2023   17:14:56');
INSERT INTO `searchratio` VALUES ('43', 'Gopinath', 'DOAuth', '4', '1', '09/01/2023   17:15:22');
INSERT INTO `transaction` VALUES ('2', 'Manjunath', 'UserAuth.jsp', 'Upload', '09/01/2023   16:22:33');
INSERT INTO `transaction` VALUES ('3', 'tmksmanju', 'java', 'Search', '09/01/2023   16:26:51');
INSERT INTO `transaction` VALUES ('4', 'tmksmanju', 'UserAuth.jsp', 'Download', '09/01/2023   16:26:57');
INSERT INTO `transaction` VALUES ('5', 'tmksmanju', 'UserAuth.jsp', 'Download', '09/01/2023   16:27:43');
INSERT INTO `transaction` VALUES ('6', 'tmksmanju', 'Java', 'Search', '09/01/2023   16:40:20');
INSERT INTO `transaction` VALUES ('7', 'Manjunath', 'Connect.jsp', 'Upload', '09/01/2023   16:43:23');
INSERT INTO `transaction` VALUES ('8', 'tmksmanju', 'java', 'Search', '09/01/2023   16:43:31');
INSERT INTO `transaction` VALUES ('9', 'tmksmanju', 'connect', 'Search', '09/01/2023   16:49:56');
INSERT INTO `transaction` VALUES ('10', 'tmksmanju', 'connect', 'Search', '09/01/2023   16:51:15');
INSERT INTO `transaction` VALUES ('11', 'tmksmanju', 'Connect.jsp', 'Download', '09/01/2023   16:51:21');
INSERT INTO `transaction` VALUES ('12', 'Manjunath', 'Search.jsp', 'Upload', '09/01/2023   16:52:14');
INSERT INTO `transaction` VALUES ('13', 'tmksmanju', 'search', 'Search', '09/01/2023   16:52:29');
INSERT INTO `transaction` VALUES ('14', 'tmksmanju', 'search', 'Search', '09/01/2023   16:52:49');
INSERT INTO `transaction` VALUES ('15', 'tmksmanju', 'Search.jsp', 'Download', '09/01/2023   16:52:53');
INSERT INTO `transaction` VALUES ('16', 'Kishore', 'DOAuth.jsp', 'Upload', '09/01/2023   17:12:58');
INSERT INTO `transaction` VALUES ('17', 'Gopinath', 'DOAuth', 'Search', '09/01/2023   17:14:56');
INSERT INTO `transaction` VALUES ('18', 'Gopinath', 'DOAuth', 'Search', '09/01/2023   17:15:22');
INSERT INTO `transaction` VALUES ('19', 'Gopinath', 'DOAuth.jsp', 'Download', '09/01/2023   17:15:28');
INSERT INTO `user` VALUES ('4', 'Rajesh', 'Rajesh', 'Rajesh.123@gmail.com', '9535866270', '#8948,Vijayanagar,Bangalore-40', '05/06/1987', 'Male', '560040', 'Bangalore', 0x89504E470D0A1A0A0000000D49484452000000780000007808030000000EBAC6E000000066504C5445FFFFFF252525FEFEFE0000002222220D0D0D1313130808081D1D1D101010BBBBBB191919E5E5E5F9F9F9DCDCDCF6F6F6D5D5D5A3A3A39A9A9A6767675A5A5AADADAD707070ECECECC1C1C13030304A4A4A3D3D3D8D8D8D868686B5B5B55252527C7C7CCACACAFF9A7B8A000004F3494441546881ED5B897AAA3A10862490B02808C82688BEFF4B1E9045AC6499107ACF77EFFD6B2B2DD49F99CC921912CBFA9B815E5FD3DB78805E7F1E8FA653AFD7728D01D637D6C79B785F609AD85A3EFFEB265E5A789F3601F4718CC6BBB1AC996CD63B9A556D46D3FF634211DFAF97CBF51E17BF48FA4C3ADCC3E931BC77C9F33758E396608FD92B300F93363E98F699391EB1BF403C273B52EC734A836FD611014DCF07D19E12D7E5D10E70DDE474046FD86111ED00DC85E6796397ABE595BE5DE34656E20D9BFA06C1A559DEBB54CD8BBAEF26794B65DE9ED9A0CCF196EF72B5ED191BE7E2C6E47C6FB09BA9F89D3B105EDB767233BC3E60804760DF04EFA9020CF008529908610985F2DA364DF6F39EC08A1E80F78B7C015AD608E7B29B9880477800217B79632D4DF7BADE1B451A610AE6C36D7612C37D6904A9F6F1169A9AEE75BD2F6EC2A3D642BC2F7AE90EB1D2208B4ABB5C61BEB38D409029D054F8F18951064A886BB04CF0B1C892309F6E9A46DD9BF58D1B35115A4A5D1E225D6F1AFC2912482C633E8C78A2E7AB7A0F313F41C9253E668C1524469DBE557722AB4612E243FD5888C6D325F604916BF66301F131B15A41D5876627611FEE907C3CBB93E8AE5A4DEB0A5AA1AC13BD80FA8839175208D6C7CC32E569D13A645EAD2671E46A884C5C7E86B054F2F180444364475C3BC963F54B6458593E80DD8402BF99C55799AF8F958CAB470E0CD89EA42380969029218E2A580F4430F758132B30C76ADDB51144A15E5332AE0186FB5C8B3B49AF04189842E982D4FC786656EC652A944C48211FBF511295EE2D51E9278224B6ACB0A612A109ADD5FAD580317E5D9760A1D0014ED43E09A94C043E70CE30D7A319CE549F4920B558FD8138C35BD98AB83803745B40C635236C2AECB01539610EAE1AD0C308A57CBC5CDC3EA679E3294ED20A2FA8D2249EAA95E2D1AA7D1680B7A8A9535D96296B14C6FEB5871F874B602E2E95436B859E8BDA0C6444C982213A540957A561520D3126602A1153D59D4EED14B708A5F93DFABA1E45F79C4E5E4E702B6DA0AA5A7558AF2235C3386BCA70F91714964D86D76E86A5614451629FFE705EE60E3655A7799ED68395B93FCF53D51988B896D84E0F84BDB01D45B1B88E58229780F8946934E86D9B66C281964F40A25AB340F66A69D34784A2D66F29F23D5A3ED98B3AED86402F73279079BA01DEE95C6B7C67D05CA2512E71A2DD0E188139858C4CD567AD3A710D673B43CB6275A7DD6A9A1174221DF3242E770DF008BA99312412D7DA4DBD37580D97F8BCD3B24670CA1911B3FED38835369F4C88F3B1ADDDB75D83D8DB02F3C758BFA5F789CD069F2856ABAFBF901043576798196259876F03FACF7D3EC13220B121817BBB86F1468686B81F644943E4074273C4B09556BA4DDB0D62D8A37348B745420C5B7364CA8DC18E7C35477C05115F0C24E31114B622E4BF47FC8F59B5DED2A24D62E072A3BD73EA8517BCC0AADB3DAB1EE07026B822A40664C6299CB7B76CBC3337BA408B5E10E614B220F313C4C30FFD25C0E7D6C69C6E83989561BBDDB7DCBAB867F666FB52C0EA623BBB1B58141AFA8F8A614F4572C23CCCAA876F6E99F5D96F6B46A9E3061C7A12B80EA5AC6E7DF30BDA51F8BC36E96DEA9D52E7053AFD7A4B9BEB33943655F6210AE372D89E31E07A2F577DD47F1F7E7B5B0F9A39A7FD5B13FFB401EA6387D7B8FFC8C80D6E6EE0E2E0881D5ECBAE2EEBE306ACF581657687175A546CAD0956DFF3CB7AFFFC7BF107C11F3E2CF4BA9E920000000049454E44AE426082, 'Authorized');
INSERT INTO `user` VALUES ('5', 'Abinay', 'Abinay', 'abinay.123@gmail.com', '9535866270', '#8928,3rd cross,Malleshwaram,Bangalore', '05/06/1987', 'Male', '560019', 'Bangalore', 0x89504E470D0A1A0A0000000D49484452000000780000007808030000000EBAC6E000000066504C5445000000FFFFFFB9B9B9F0F0F0FCFCFC6E6E6E222222E9E9E9F3F3F3979797DFDFDFF6F6F6B3B3B3C2C2C2656565E6E6E6CACACA7373735353535959599D9D9DABABAB484848D2D2D23F3F3F8888882727274E4E4E1111111717170808085F5F5F3636368080804A918D9200000422494441546881ED9BDB9AA2300C8023051514114754C003BCFF4BAE8EB2D292F444D4B9F0BFDC4FFCB7B5A46D9281893B495AB4353CA8DB224D3CBE041C3F9F2D574718705C2DB3578A457A41AC0FF725152F128BB8A2AC77AAD8416D2D16F154AFBD31B557DB8A97E41C2B33BE6415EF7776DA1BBB3D9FB8B0D7DE2898C48B1F372FC0CF82432C0C6B19A332AF31A3786FB198874C8D3FB449BCF7D1DE30990D626FAFD1AC170BAF79BE33D5FFCE5AF1BCF1F70234736F7134C60B10F98AE3715E80D84F3C62617568169846EC109F29763EE2E5782F00BD5791E2F989437C225736292E39BC00A5AB38E4F102848EE2D1AF5207F54A1162B601934326C4299F387512AFF8C42B17B1E0F302E0BB142E66091E1D7810C1C539A738B7178FDB8755F07D1915279C5E00F4168B8AD7BCE2B5B598294E77A0F11A15B3AE2D6275A162E73B8B9E1F5B71B8E1156FB0708D89339633C09313961FC1C4B311C7788CE9EC2BFE8A3BB85F27CCF1A702C8E742E6C736898F6D8B1F3B082C0E9CDE039A6EFB5B87BDCF1D6F3F76A0EFE77B5669E04CDABB0211B91F421C3C1F9C52375C0D612FDA074EE2496FAAC84B3D4D3F025102E2DFB7BD47ED52EE3DFA89AAADA3B87F336F2CF2DE7D164DEF61D75484948B20AEB814FDCB3599DC23C50BB0791C434A9F90934527D8A40A886D5167A2041FBA2E629B524477180C6967F34A292A49546A752A6CA587FC92A8CA97B436DED6FA3FAB4D94CBB99FC658264E1AE901EDCBA015ABFB72AC7DA1174A3610DF87ADC4934429653644E0BD11C8C385A37E820CE51FD50C8702DDE544A11E5A0C5E63C16B78FCAAA27426C5C1709646C332A06941184B7CC979F09DD7237A5E04627E4504458E1DFFCFC685682E6A2A4BD50AF30B6055C6752E3F452C65DCC9C70AD75792DAACEBA8EDDA516C9B13AC076D355C07F1449416B9A053C9DE8E7165561A3205D312BBFA8F175FD5E9057BAB7F395F5207AD4F935184351945AF6D327A902CB7F9FF919FF3EDF21D6D553D42213C2E190CE2717CC55FF12F73A7D51B6AFB3FECC5595C43A539E4A90415D4B1399C18C4227E6C0DA7ADD5A8E7DD11F764EADED38AF752DAA9DD1BDCE15AFA7CAEBDD06BC4EB41F6B86A03721C22680747CD8DE6AA478A13FCA455D5F13A9143652892755CE37D6E1119C6A91E812DFA3D0F9A4D9497F7C45299479B46F7596A6DE0E284A1DDA663870F1A15B366148974022666CE93E3993244CCD811D181DC948762C69FF7C930193210BF60BC37066356C4217301E6491E6AC56CBD4543629D38303FEF4F408BB3577A01324A1C3ADC097DA84342EC780D76A7C0C533CB36797F8E33543CB2E1D586081333349E9AD92362D6B21EC5612866AEA052AC07E217C56895952A662DEAE9C814716B7E848756163336809A0825316303A8895412BF217874447DF1DB96D60DD113BF71A6BBB98677CF7437D7BF629F3FF0F1E7FEA741FF003B3B3706917081010000000049454E44AE426082, 'Authorized');
INSERT INTO `user` VALUES ('6', 'tmksmanju', 'tmksmanju', 'tmksmanju13@gmail.com', '9535866270', '#9838,Ramamurthinagar,Bangalore-16', '05/06/1987', 'Male', '560016', 'Bangalore', 0xFFD8FFE000104A46494600010100000100010000FFDB008400090607080706090807080A0A090B0D160F0D0C0C0D1B14151016201D2222201D1F1F2428342C242631271F1F2D3D2D3135373A3A3A232B3F443F384334393A37010A0A0A0D0C0D1A0F0F1A37251F253737373737373737373737373737373737373737373737373737373737373737373737373737373737373737373737373737FFC00011080079007903012200021101031101FFC4001C0000010501010100000000000000000000000304050607010208FFC4003D1000010401010407050408070000000000010002030411050612213113415161718191222342A1C10732B1D1142433526272B2F043538292A2C2E1FFC4001A010101000301010000000000000000000000040103050206FFC40020110100030002030003010000000000000000010203113104122122327113FFDA000C03010002110311003F00DC508420130D4B56A7A7347E9127BC232D898379CEF2FAF249EBFA83B4EA0E922DDE99E77220E3800F69EE0324F82A10D6F4D8E6708A3B3AC5E7717BD8DCB49F13CC7963B14FB6DE9F21BF2CBDFECF49DB7B4F7A624548E3ACCED78DF7FE43E6A1AEEA975C099750B4E3DD26E7F4E12736D0DC683BDA0CD1B3CF87FC545D8D5295E05A5A607F691F92E7DF6B4CFECBA99563AA92B5AC5B85C5D15EB4D3DA2C3FF34F343DBDD6609BA295ADBF172F7A70E6FF00A80FC415577433D9B6E8003EC9C1C75AB0D0A30D0803A41ED762F51ACD3A962728B770D2F42DA2ABABFBADC7D7B41BBC60971923B5A7911FD9532B0FBFAF4952CD7BF54E24AB2070FA8F3048F35B5549D96AB45622398E5635ED3DC4642BBC7D674AFDED16F9452DF3A2C842150D0108420108420108420CE7ED75D238E970373B8E73CE3BF829ED1F49834CA3157AF186E1A37DD8E2E77593DA95DB7D18EADA6B248B1D3D4789999EB03EF0F4FC14AC7187372143AE536D279574D38CE20C1F128FBBA7D5B23F58AF1C9DEE6F1F55392B004CA61CD49AE5C37677E55697672A440BAA3E7AF2730E6499E3E079AACED4EA33910C53002D33799216700E031877982B4194702B3ADB8606EAAD70E6E8867D4A9F3B4C5B851DAB05CE7B65613CC656F5B07299B63B477939FD558DF418FA2C11A7DB7FF295BCEC030B36334707AEAB5DEBC7EABA9E2F687C9E9604210AD48108420108420108420F12B77D8E69F881098559BDC333CF746548950929E8679A3EA0F24781E3F5537916F4E2CDD947B730752C80A653390E953791F95CED75E55D33E094C78155AD6E853B52F4D622DF7B5BBA32E2063C94F599006955ED52C00D7127000393D8A29B71F615D2BCF6A2EB351B5F5035E935C4CED688D84E4EF38E30BE82D1E98D3B4AA749BCABC0C8BFDA005977D9BE8526B5AF3B686DB1C29D6791583BE37818CF8373EBE0B5C0BBBE2526B4E6DDB99E55E2D7E21D4210AA4C108420108420108420E1511ADC658F8E71C9DEC3BF11F55309BDE8A29AAC91CE43632DE2E271BBDEB56F9FFA67357BCEFE9689568CA3B5212D800734C6C4B23247B03DAF0D380F0701DE194D247C8EE0F9638FC5C09F40BE7AD16ACF130EC562B31CC14B96F390DC927900A1A68D96B58A7A759F6E3B13C714CD071ECB880464771C252DDE15DA5B543BA43FE2BF98F01D4A084D2C56A3B113C8963787B5FCF0E0720ACE75F6D2B0F77FC693FC6EB4EB434EB475AB44C8A189BBAC63060340EA096542D9FF00B42865732BEBAC15DE795967ECCFF30F87E63C15EE3919246D9237B5CC70CB5CD390476AFA5705E908420108420108420108495B9D956B4B3C9F7636971EFC206DA96A51D21B807493B865B18ECED27A82AD5EB166DB89B12170EA60E0D1E013A682EDE9263999E779E7BFF2EA4DA6C7140C6A5810EAD5EB3C6F47658F6B8119E23047F7DEA42CD7858C76E431B73CF0D0145D76F49B5141BCF7637BB1E602BBBF4CAB21CB9878F30090145E578D6D679AA9C368CFE4B3E934576A33F4552176FF006B7801E2A3F54D1E1A967F468250F310DD9653F13FAC01D8392D2358B7168FA638C0D631EEF6636818E27AFC9676F249249249E249EB59F1BC3AE3F94FD9676F2ADA47AF508A928438C3CBF1DA31C13FD1357D4766A41FA2CA6CD0272FAF272F169F84FCBB5273A67D2EE1DD77DC2AC4AD7F44D669EB55458A52640E0F63B83987B08522B10A7A858D0B518F50A44E01C491E783DBD87E9D856CFA7DC8750A305BACEDE8A6607B4F71FAA070842100842100A1F69E5DCA5145FE6CED07C065DFF5530AB3B5F2EED8A2CEE91DE9BA3EA81989B87348C926535E957974A814D1474BB5ACFE0AC3E6E77E4AFCE706B4B9C7000C927A9517649BD26D0D993F763637EBF5533B5FA97415C5289DEF25197E3A9BD9E682BBAFEA6752BA5ED3EE59ECC63BBB7CD45397A2526F38081ACE5474E79A7B3B9474EE41D77BCAA47710AF5F64DAA9974DB5A748E24D6787B01EA6BFABD41F554085D98DE3B0A93FB37B66B6D598B7B0D9E07C78CF5821C3F03EA83690F05743826EC8E5201C01E6946C4EEB23C902D942F2D6E17A402AA6DB31ED968D8C7BB01F113D8E76E91FD255AD256EB436EBC95EC46D9229061CD77228336E9170C89FEB1A05CD2CB9F087DAA63887B465F18FE2039F88F350E246BC65AE047682827364268EBCDA9DC94E191919F268E0A2AF5B92E5A92C4A7DA91D9C760EA0918E7732AC900386C92EFBBBF03804997610749C734DA69176591339A4409CCF4C277F34B4D226133F9A052BBF8BC782F5B333743B5F4883CE623D5A535ACFF78F1DCBBA1B64976B29B606191E25DEDD68C9C008371D3B502D9191125CD71C63B14E286D174B7D7027B58337C2CCFDCFFD53280421080421080C287D5366F4ED41C6531BA09CF39603BA4F88E47CC298420A05FD92D52BE5D55D15B675069E8DFE8787CD57EDD7B958E2CD3B3111FBD0BB1EB8C7CD6BEB9D45061D2D86F2DE19ECCA6925861F8DBEAB65D45420FDA0F14195492877DD39F05E5B4351B4715A85B989FDC81C7E8B73D3BEE852C3904187E8FF0067DB47A84BEFA11A7C0EE0E967209C77301CFAE16A3B2BB25A6ECCC27F4463A4B327ED6CCB82F777770EE1F3560420108420108420FFD9, 'Authorized');
INSERT INTO `user` VALUES ('7', 'Mala', 'Mala', 'Mala.123@gmail.com', '9535866270', '#728,8th Cross,Malleshwaram', '05/06/1987', 'Female', '560011', 'Bangalore', 0x89504E470D0A1A0A0000000D49484452000000780000007808030000000EBAC6E000000063504C5445FFFFFF000000F1F1F1FBFBFBCDCDCDF7F7F7F4F4F4E9E9E9383838545454BBBBBBB6B6B6C5C5C54040404A4A4A898989E0E0E08383839696969E9E9E5C5C5CAAAAAA323232646464262626909090A4A4A40C0C0C2B2B2BD9D9D97D7D7D6F6F6F1B1B1B6538C8000000060E494441546881ED5AD9BAA2300C765844591551548E47DFFF294769D38D242D1ECE7C73E17FA7A50DD9D384D5EA83FF1D713422FE7714A3AC3CECFBAEDE8CA8BB7E7F28B3E8B789964D77FE83E0DC35E5AF11CFDA0EA3A9D1B5D9F254E3C386A72AB0392CABF4A40FA12AD0278B91CD09661F0F82ED7C11B2A54BB6BE37459245EB759AAED7519614CDBD7649973F267BB3CFDC3649964E9F4AB3A4D9DA6F77FB11D9A8B1A81E77DCC3BBA345BBF9817B255FFA9C73CB5295B45BC3CBBFDEB63283DD4D11BAA9304CA2798B6C54E9779F65A6B99653F586B84BB5FB31DB3B0AED67B3CDFBA8B65EDE8845F1456D3FCEDBA9D47B7AD32D6EA7B714BD875D7B9ADD781D456B66599F114EF75B6E19085B8EB37CDFD7D56653D5FD3ECF08EAC5208FF99E4B9710F3AE7522644DB8B8127720CFA0DF1AF5053C51E1292982370CD2F315E86212CCB618D917B6581110432CB8FAE982FF6EB1C58622FBC205DB012FEAF5E708F845D63247B7C360FFAE31A6618F2786C532D256C85A622480FE9244AF7C1C251743E7674CD352DA1B3E0E49596E90F72B157FD5D5622DBBAAA83E20128D242FAC8149050F881FDD145BC5A412480B250C6627A3E6B5743C246E80EEFF7CAFD19DE0FB982E0BB17242778E9082C6FC1D6C848CF9905530ABDC7B847DA3CDA0F58B0BFCB09D2E81C95209674B2EEFE4A16C3193C88790F829594263C3B37210AB581CE848DD9B90BAEC9025999FF1924238C503117442EBDEC237299758F822161E80618C2B1123BEBC055424AAAD1E592A689605C32764E5162468E378CC88BE289613FA9584496FFC74C17C11C306814ED5D0D3A70B59046436C8A9A82A37B81A625A9C3B611874DC31B01E1F1DB08A44AAC1B5DDC3F8EF193B2C279D044147BB8D88E707E75F5A393290BA1B080806D0E0889ACA8E16910C688157021138D110255566570B2DFDFCEA843C4F22239D1238B0A52A5483A71EE1816174572B116BD0A5E3D45864B645251DBF4318AD7364AA310320A399050923D6B2A76D7141514B3266AEE98870366231E39261D9507274E6CE5ECA9DE0ADCE5AC942EB35D2477A61A900F2AC466BC786C56BDE89B3960A994FDC1DE1B1AF095E302349E07EB99A0A4F942C64A29F9D16B1127784C850FAA2DE7346ADA27B40138629044608B3D639B9E31D6691D26744669B4B5C4F42990D21918757CBEB87C3910B119AD5957F5D7908CB7ACCDB44A1CB5B8B70051CC88B24C3D0AC829E66581ABDBA040BC20F227EBC005718367CC1E589E9F2A68F9984E10A825DBC155D7971475B211CE18123ACAEA9A4B4A59C691F1E090F1661AF71ADCC8B39EACE317731774F51C6E575A71740CD689F51750F3905AF26EEE40B2002AA09F28C9E4EF345AF787ABD4E00F1854CA06CB4B5AA4379CBD234BB9507DDC8479B3616DC90E94912EA7DED7EE2E37CB6275E6857D1829B24F8B468E040CCD6C6F7082815DCB4C817020AF1AEE508B73B6FFE720B01BEF401B239D9B955B2CE79D293D2872FF6048E278E24E0C4CE3E26C51E5FDEBE5032327624CE44D549798B54DA16769575F6D0B745128D8A49A3A4687BBB7D5C9141644A86AD86A5D14BDCAF8846B2EBDD7C86B2EF6985CE5DDACCF6787D24E36A74349F43CD05B9B431D7D45C6BB74F58A38D8D39093A1644AEA9F4C55C8B791B30954DB4C721E2C62EE6542B424F3F02279BB9DA300984B215E1D0C00B626532F7E0796CA4F7382B789F0E6D37A9EC1E3CB67E016A11B72AC5DB4D58834D8DFA0286F426765F1865A2C186B4146106BCE5633882146CCC2CFC88962214EDDABB4162F77706D7A0682D4159FC22AE21C2A2EA5E40A5E34D963880B2AA49C8B6313802B88D4C465418F5424A1BBA214CA35CB23C08C94A059FDEFE58293E996AE64603A085F1491956871F7CA095C99C35BAC4C5B5200BB556CB96914C2872AD2C7EFC630CBC0AC40FE7E31B2C1B065E643C80119FD40F330C0C821C559E62DF884F0D35EF0B08FA85DC3A8EE303A67423023B5B1CACAF0BD9B4DA843E18069311CF7D4197750B306CB28CBBB086BA07CFFF2E0983FE46CA9BD0413A8F25E8AE5650B105E84DDE76833A88C1A7057D5C250C6C7612C691861816E019588765BEE97C221FF8469085ECB6E097C3D1ED173E05FEE0830F3EF8E0830F3EF820047F01CB6E3ED44028EF510000000049454E44AE426082, 'Authorized');
INSERT INTO `user` VALUES ('8', 'Gopinath', 'Gopinath', 'Gopinath123@gmail.com', '9535866270', '#9278,14h Cross,Malleshwaram', '05/06/1987', 'Male', '560011', 'Bangalore', 0x89504E470D0A1A0A0000000D49484452000000790000007908030000002A247E7B00000063504C5445FFFFFF000000E6E6E6F8F8F8727272BEBEBEE9E9E9E0E0E09494943030309E9E9ECACACAA7A7A74B4B4BF2F2F24747471C1C1C7C7C7C3636360F0F0F8D8D8D616161525252D6D6D66A6A6AC4C4C42525255C5C5CAEAEAE1414148484845757573D3D3DEB2CA73D00000621494441546881C55BD976AB300C2450D62490B5D9DBFCFF57DE58B60324481A137AEE9CD397063C5896644996A32818F1FC5AAD8FCDF9B69D6D6FE7E5715D5DE771F83061C84EC5723B1BC276599CB2BFA23D54CD6A90D563B5AC0ED3D3E64523B27A34553E256D92EE5F85BB2A379BCDFDF157AE5EC5BF4F93A988ABB2477AA9D2799EF9D193389FA7C5A547BF594CC3DB1D7297726A94A5BBEE07561FF32E3A52BCD6CAC3F5B5B32A9FCDFBF49CC672812D5EB2583E05341FCD5B7FF941BE42ACE5D0BEA6098941EAAD771DEAA1E2B57B73958EE04DFCDB5F630C34F7F3FE09B6B0DC398EE5D8C59ABBF56E023FFCE43EF93A92D7C09BC529E4A5C2BEF33D52431CEA6F3B4C81BFB29EC2220DDCB4D7E0E3C9D19AE314FBCEC13A8423A46789F543176DB7ADB3388E336D3DB20B4CED88BF844793ECB43B7E6FCEB7D9ADBCEF770771D4C4DAD75EA7B6A2FEE11FA8ABEF591F7759217EECAC3562AB5C3B9EF76736804614FA0E51B342215E0CF13E701647DDE9C695CAA24E5E439316E5FA2AA8A41594E05272AB5C2CB11C8A6DBFF89DC5AA19EB48EDC817560B5F35EB0D37D6D926645C0D373469D786155AA111CF8420282397C2ACA35D64D673E500F16CC66EC807FEE79A0201DE3479EDEA81B52F8A2457433F93127CB3C4D89425B325351950DF93FCC57EFFD2C12A784D3FBF471AA4017C20506F50667EBDC80D6D06FFBB645F720A8260CF0FB21CFA324612FD2F8350F22B36A707FAFF23C5639D57E49D100421A2A051FA364FAF4851E20567162497BF4D9AA62C6D638ACBEE418A57C9423A2B9D90624B99447D9F8639360F6C5AF74D7E535AE500A35242565AE976BB24C728869A5929B3A173B6D6F98C8C68DD055B0E9CB39C97904D7B5D2E54190531CBF92339066F58A4B772541AA2DB720E48DEDB0998442FF83CC22FCEACE4261DA52263D6924670777EE0AC242757F39015370952CB527630331B6C39B4E2CE4C2CF2B6770D7E290435993006BA3282A190808FED1DF05D52CD96497CC699904DA995940C6656CB1BA9FF3E326DB5408C9B953A144DC22CB4A9586EB5A7F10DFA571FCA30DEDCEE71D11F478312A028427B7D6C2314A03E1A83CC40118A346B6ECD0528D5A17306CA3AA46257EBC1F472DB1C2486C7AA283ED9EA223AC2CCAA278972A3626B1A72A5965403F62ACD7B3E5466451F68862CD58703E2B0BB5A38AC8DFF5C46E719E0B59DBF81C027854F9830E31CDD30E629D7999857E45000663CBB01CCCA306F29BBB8EB0FA38E440EDB1D4869881998332C6E316C77B07306A58D4E7A8B9C7918E61BAADB0F6AB528F5C02F74D862751BB367C260C9B307A150DB01D9734341A5EEC3087A2C861D7B381F06FA6D033D16C38E019CDF06F72A827CF06DBC0304B757A1FBB381B6D0D832FBFD993E003CD7D1C40D8ACEC524681C46900DAB0147A11C2D86634F821C99A0C79F9E118BB71DA4C40ED81E092465136F633986835477454FD69E3906965779F0DE043E7D7CE655944B96E86BBD86872E408B8A3AB924963FB76098E16366CA9F9B7616F841F3A7CC9D9A015427998EF9D2D146A036A433A35D101D6143F5B0E998696DBD1D0035409D199576AF0608D43D5B240C33F8FA8B52E9B5DE16F567CC547A683DA65EDF6EC1F94F6C87249FDD0DFBD49A7E0B6E8FC63C3FD5F47B150A5C49B87351E8BBDFCF31F4B31B0FBE2E862CF4C0D98D7A5EE590F067387ADE3C785EA59ED159D45276F5AB8617E42CDF5C5639F8DF3E72B966A175DDD0ECDEF763ED2C36422ACDA29A594F30D0E6A09C3F83B97BC5EF3CE43787B4583C738FF1CAFA0F639CFC993BDF67909C024E258DE0869A5C853E03E760CA570DCDAB80132387B2789DB83D6AE3F420A1FA45AF9F2439E145A13EF6A7DE38723FC95B0F4DB20838087DC3BDA36D4A0FCD4BDF50520D378907A070DC36091537954EAF145E019340B602F44A79B1ECA243B85A0DA39C63FD61BEEE85D48150D8B1F4A2A4D003F609803EC0BFA146889FFD9E5302EBF78C829A4720A03DAE11D6848623A0AFD7BB946910D83D9E7FE237BB08EDDFEEF4AC7F86F5985B21A9566CD431AA4F3FEADE4D1889B17713A2EE7D8C112883DAE4DF307EC7FABCE39D2B43C9F8FCDE0D7187CABC9C86371ABA5F2561C2FB5506F09DB2B7A87302E8F7E89ABFB84767F19FEE0E7AF4EF4B3663EF4BFE03C5D644462748AF660000000049454E44AE426082, 'Authorized');
